Data Medicao,"DIRECAO PREDOMINANTE DO VENTO, MENSAL(° (gr))","NUMERO DE DIAS COM PRECIP. PLUV, MENSAL(número)","TEMPERATURA MAXIMA MEDIA, MENSAL(°C)","TEMPERATURA MEDIA COMPENSADA, MENSAL(°C)","TEMPERATURA MINIMA MEDIA, MENSAL(°C)"
1993-10-31,,,,,
1993-11-30,0.0,13.0,33.6,,22.6
1993-12-31,0.0,16.0,31.8,26.0,22.6
1994-01-31,0.0,20.0,31.0,25.7,22.4
1994-02-28,,13.0,31.0,,22.2
1994-03-31,,24.0,30.8,,22.6
1994-04-30,,8.0,32.5,,22.4
1994-05-31,,6.0,33.8,26.2,21.6
1994-06-30,,,32.7,25.3,20.3
1994-07-31,,,33.4,24.5,17.4
1994-08-31,,,35.2,24.5,15.4
1994-09-30,,,36.4,27.7,20.1
1994-10-31,,,34.9,27.4,22.2
1994-11-30,,,32.9,26.5,22.6
1994-12-31,,,,,
1995-01-31,,17.0,31.7,25.6,22.1
1995-02-28,,21.0,31.2,25.5,22.0
1995-03-31,,18.0,31.8,25.7,22.3
1995-04-30,,21.0,31.1,25.7,22.8
1995-05-31,,,31.6,25.8,22.1
1995-06-30,,,32.7,24.0,17.2
1995-07-31,,,33.5,24.1,16.3
1995-08-31,,,35.4,25.0,15.8
1995-09-30,,,36.7,27.6,20.2
1995-10-31,,,34.3,26.9,21.4
1995-11-30,,,32.0,26.2,22.2
1995-12-31,,,31.9,26.0,22.4
1996-01-31,,20.0,31.8,25.6,21.9
1996-02-29,,13.0,31.8,25.8,21.8
1996-03-31,,17.0,31.3,25.9,22.3
1996-04-30,,18.0,31.6,25.9,22.1
1996-05-31,,,32.7,25.6,20.9
1996-06-30,,,32.6,24.2,17.7
1996-07-31,,,34.1,23.3,15.0
1996-08-31,9.0,,35.8,26.1,18.3
1996-09-30,0.0,,37.1,27.8,20.3
1996-10-31,9.0,11.0,32.9,26.7,22.2
1996-11-30,9.0,,32.0,26.5,22.5
1996-12-31,5.0,,32.4,26.3,22.0
1997-01-31,,22.0,30.6,25.6,22.3
1997-02-28,,17.0,32.1,25.7,21.6
1997-03-31,,21.0,29.9,25.3,22.4
1997-04-30,,,31.7,25.9,22.3
1997-05-31,,,31.8,25.4,20.9
1997-06-30,,,33.2,24.3,17.6
1997-07-31,9.0,,33.4,23.8,15.6
1997-08-31,,,35.6,25.6,16.9
1997-09-30,,,35.5,27.4,21.8
1997-10-31,,,34.6,27.5,22.4
1997-11-30,32.0,,34.5,27.3,22.3
1997-12-31,0.0,20.0,32.2,26.2,22.6
1998-01-31,0.0,,31.9,26.5,23.1
1998-02-28,0.0,16.0,32.7,27.2,23.9
1998-03-31,36.0,15.0,32.7,26.6,23.0
1998-04-30,9.0,,34.4,27.7,23.4
1998-05-31,0.0,,34.0,26.4,21.0
1998-06-30,0.0,,34.3,25.1,18.0
1998-07-31,0.0,,35.7,25.2,16.6
1998-08-31,9.0,,37.6,27.5,18.8
1998-09-30,0.0,,37.7,29.0,21.5
1998-10-31,0.0,,35.5,27.7,22.8
1998-11-30,0.0,20.0,31.8,26.2,22.8
1998-12-31,18.0,20.0,31.6,26.3,22.5
1999-01-31,9.0,23.0,31.5,25.8,22.3
1999-02-28,18.0,15.0,31.2,25.5,21.9
1999-03-31,0.0,22.0,31.1,25.7,22.4
1999-04-30,0.0,,32.4,26.3,22.3
1999-05-31,9.0,,32.4,25.8,21.3
1999-06-30,9.0,,33.7,24.9,18.1
1999-07-31,0.0,,33.6,24.0,15.7
1999-08-31,0.0,,35.5,26.1,17.4
1999-09-30,,,,,
1999-10-31,9.0,,34.2,27.6,22.7
1999-11-30,27.0,15.0,30.9,26.0,22.0
1999-12-31,0.0,23.0,30.5,25.8,22.0
2000-01-31,0.0,20.0,30.7,25.7,21.7
2000-02-29,32.0,21.0,30.1,25.0,21.4
2000-03-31,32.0,19.0,31.3,25.7,21.8
2000-04-30,32.0,18.0,31.6,25.9,21.8
2000-05-31,23.0,1.0,33.7,26.7,21.0
2000-06-30,9.0,0.0,34.0,26.7,20.2
2000-07-31,9.0,1.0,34.2,26.6,20.0
2000-08-31,9.0,2.0,35.3,28.4,21.6
2000-09-30,9.0,8.0,34.4,28.0,22.5
2000-10-31,32.0,12.0,34.0,27.4,22.5
2000-11-30,32.0,17.0,31.9,26.4,22.0
2000-12-31,32.0,21.0,31.3,25.7,22.0
2001-01-31,32.0,18.0,31.8,25.8,21.9
2001-02-28,32.0,18.0,31.5,25.6,21.8
2001-03-31,0.0,22.0,31.4,25.5,21.7
2001-04-30,0.0,10.0,32.7,26.3,21.8
2001-05-31,18.0,5.0,34.0,27.0,21.7
2001-06-30,9.0,1.0,34.1,26.4,20.2
2001-07-31,0.0,0.0,34.8,26.9,19.8
2001-08-31,9.0,0.0,35.0,27.7,21.0
2001-09-30,0.0,6.0,35.1,28.4,22.8
2001-10-31,0.0,21.0,32.7,26.0,21.8
2001-11-30,32.0,23.0,32.2,26.0,21.9
2001-12-31,18.0,18.0,32.0,26.0,22.2
2002-01-31,0.0,27.0,30.4,25.4,22.2
2002-02-28,32.0,11.0,32.8,26.9,22.8
2002-03-31,0.0,17.0,32.1,26.3,22.2
2002-04-30,0.0,13.0,33.2,26.8,22.0
2002-05-31,0.0,6.0,34.0,26.9,21.5
2002-06-30,9.0,0.0,34.1,26.5,20.5
2002-07-31,9.0,0.0,35.3,27.4,20.9
2002-08-31,9.0,0.0,36.7,28.5,21.6
2002-09-30,0.0,6.0,35.6,28.5,22.8
2002-10-31,0.0,13.0,35.1,27.6,22.3
2002-11-30,18.0,14.0,34.7,27.5,22.5
2002-12-31,18.0,22.0,32.0,26.2,22.5
2003-01-31,18.0,21.0,32.7,26.6,22.4
2003-02-28,0.0,17.0,32.4,26.4,22.4
2003-03-31,18.0,22.0,31.5,25.7,21.8
2003-04-30,0.0,15.0,33.8,26.8,21.9
2003-05-31,0.0,10.0,33.3,26.7,21.6
2003-06-30,9.0,0.0,34.5,26.0,18.7
2003-07-31,9.0,0.0,34.7,26.1,19.1
2003-08-31,0.0,5.0,36.3,27.9,21.4
2003-09-30,9.0,4.0,37.2,29.3,23.5
2003-10-31,18.0,13.0,33.9,27.5,22.7
2003-11-30,0.0,20.0,31.9,26.3,22.3
2003-12-31,0.0,15.0,32.0,26.5,22.2
2004-01-31,36.0,28.0,30.7,25.7,22.5
2004-02-29,0.0,19.0,30.5,25.7,22.5
2004-03-31,0.0,21.0,31.6,26.0,22.6
2004-04-30,0.0,13.0,32.7,26.7,22.6
2004-05-31,0.0,1.0,34.6,27.5,22.5
2004-06-30,0.0,1.0,34.2,26.4,20.4
2004-07-31,9.0,0.0,34.5,26.5,20.2
2004-08-31,0.0,0.0,36.2,28.0,21.0
2004-09-30,5.0,1.0,37.2,29.7,23.9
2004-10-31,0.0,11.0,33.6,27.4,22.7
2004-11-30,0.0,11.0,33.2,27.2,22.8
2004-12-31,0.0,15.0,32.7,26.7,22.4
2005-01-31,0.0,18.0,32.4,26.7,22.8
2005-02-28,0.0,15.0,32.2,26.9,23.0
2005-03-31,0.0,23.0,31.3,26.1,22.8
2005-04-30,0.0,17.0,33.1,27.4,23.4
2005-05-31,0.0,9.0,32.6,26.7,22.5
2005-06-30,0.0,0.0,33.6,26.9,22.1
2005-07-31,0.0,0.0,34.6,26.3,19.6
2005-08-31,5.0,0.0,36.5,28.6,22.4
2005-09-30,0.0,4.0,36.8,29.7,24.1
2005-10-31,0.0,8.0,35.3,28.4,23.0
2005-11-30,0.0,16.0,33.1,27.3,23.0
2005-12-31,0.0,20.0,31.1,26.2,22.6
2006-01-31,0.0,14.0,33.1,27.0,22.4
2006-02-28,0.0,15.0,31.5,25.9,22.1
2006-03-31,0.0,21.0,31.1,26.1,22.5
2006-04-30,0.0,23.0,30.3,25.6,22.3
2006-05-31,0.0,15.0,31.6,26.1,22.6
2006-06-30,0.0,0.0,33.1,25.8,20.4
2006-07-31,0.0,0.0,34.1,26.2,20.0
2006-08-31,0.0,3.0,36.4,28.3,21.8
2006-09-30,0.0,6.0,36.0,28.7,22.9
2006-10-31,0.0,14.0,33.7,27.7,23.4
2006-11-30,0.0,16.0,33.0,27.1,23.1
2006-12-31,0.0,17.0,32.7,27.0,22.9
2007-01-31,0.0,21.0,32.6,26.7,22.7
2007-02-28,0.0,23.0,30.1,25.1,22.0
2007-03-31,0.0,14.0,33.1,27.0,22.5
2007-04-30,0.0,14.0,32.8,26.9,22.9
2007-05-31,0.0,4.0,34.5,27.5,22.1
2007-06-30,0.0,0.0,34.6,26.8,20.8
2007-07-31,0.0,0.0,35.5,27.4,20.6
2007-08-31,0.0,0.0,36.7,28.8,22.7
2007-09-30,0.0,3.0,37.3,29.8,24.2
2007-10-31,0.0,7.0,36.0,28.9,23.3
2007-11-30,0.0,13.0,33.2,27.3,22.5
2007-12-31,0.0,12.0,32.8,27.0,22.8
2008-01-31,0.0,22.0,31.5,26.1,22.2
2008-02-29,0.0,24.0,31.1,25.6,22.1
2008-03-31,0.0,24.0,30.5,25.4,21.8
2008-04-30,0.0,18.0,32.0,26.4,22.4
2008-05-31,0.0,8.0,33.3,26.8,22.0
2008-06-30,0.0,0.0,34.4,26.3,19.9
2008-07-31,0.0,0.0,34.6,26.5,20.0
2008-08-31,0.0,0.0,36.5,28.7,22.3
2008-09-30,0.0,5.0,38.3,30.2,24.3
2008-10-31,0.0,10.0,37.3,29.8,24.1
2008-11-30,0.0,17.0,32.6,26.9,22.6
2008-12-31,0.0,23.0,31.5,26.2,22.6
2009-01-31,0.0,19.0,33.1,26.9,22.8
2009-02-28,0.0,21.0,31.5,25.8,22.1
2009-03-31,0.0,23.0,32.1,26.4,22.5
2009-04-30,0.0,19.0,31.4,26.2,23.0
2009-05-31,0.0,14.0,31.5,25.8,21.9
2009-06-30,0.0,4.0,33.7,26.6,21.4
2009-07-31,0.0,0.0,35.3,27.0,20.3
2009-08-31,0.0,2.0,36.6,28.8,22.3
2009-09-30,0.0,11.0,36.1,29.0,23.3
2009-10-31,0.0,17.0,32.8,26.8,22.8
2009-11-30,0.0,17.0,33.3,27.2,22.8
2009-12-31,0.0,23.0,32.6,26.4,22.4
2010-01-31,0.0,18.0,32.8,26.7,22.3
2010-02-28,0.0,16.0,33.9,27.5,23.5
2010-03-31,0.0,25.0,33.2,27.1,23.3
2010-04-30,0.0,10.0,34.9,28.1,23.3
2010-05-31,0.0,7.0,35.5,28.3,23.0
2010-06-30,0.0,1.0,35.8,27.6,21.2
2010-07-31,9.0,0.0,35.9,28.0,22.5
2010-08-31,9.0,0.0,37.2,28.8,22.1
2010-09-30,0.0,1.0,38.5,30.9,25.4
2010-10-31,0.0,12.0,35.6,28.3,23.4
2010-11-30,0.0,15.0,32.9,27.0,22.7
2010-12-31,0.0,14.0,31.9,26.6,23.0
2011-01-31,0.0,22.0,31.1,25.5,21.9
2011-02-28,0.0,23.0,30.6,25.2,21.8
2011-03-31,0.0,25.0,31.4,25.9,22.5
2011-04-30,0.0,16.0,32.5,26.5,22.5
2011-05-31,0.0,4.0,34.0,27.1,22.1
2011-06-30,0.0,0.0,35.0,27.0,20.5
2011-07-31,0.0,1.0,35.2,27.0,20.7
2011-08-31,0.0,0.0,37.7,29.3,22.4
2011-09-30,0.0,0.0,38.6,30.4,24.2
2011-10-31,0.0,15.0,34.4,27.5,22.7
2011-11-30,0.0,24.0,31.5,25.9,22.4
2011-12-31,0.0,21.0,32.5,26.4,22.4
2012-01-31,0.0,24.0,30.4,24.9,21.4
2012-02-29,0.0,17.0,31.5,25.4,21.5
2012-03-31,0.0,17.0,32.0,26.1,22.4
2012-04-30,0.0,13.0,33.6,27.1,22.6
2012-05-31,0.0,10.0,34.0,26.9,21.7
2012-06-30,0.0,4.0,34.9,27.2,21.1
2012-07-31,0.0,0.0,35.9,27.1,19.9
2012-08-31,9.0,0.0,36.4,28.2,22.1
2012-09-30,5.0,0.0,38.1,30.2,23.9
2012-10-31,0.0,10.0,37.0,29.5,24.0
2012-11-30,0.0,21.0,32.6,27.0,23.1
2012-12-31,0.0,18.0,33.3,27.0,22.8
2013-01-31,0.0,25.0,31.7,26.2,22.6
2013-02-28,0.0,16.0,32.7,26.5,22.4
2013-03-31,0.0,21.0,32.2,26.5,22.6
2013-04-30,0.0,11.0,33.3,27.1,23.0
2013-05-31,0.0,2.0,34.6,27.5,22.5
2013-06-30,0.0,2.0,35.8,27.5,21.7
2013-07-31,9.0,0.0,37.1,28.2,21.8
2013-08-31,9.0,1.0,38.3,29.2,22.2
2013-09-30,0.0,3.0,38.2,30.4,24.8
2013-10-31,0.0,11.0,35.8,28.5,23.8
2013-11-30,0.0,18.0,33.2,26.7,22.4
2013-12-31,0.0,23.0,31.1,25.8,22.3
2014-01-31,0.0,25.0,31.8,25.7,21.7
2014-02-28,0.0,23.0,31.1,25.4,21.9
2014-03-31,0.0,23.0,32.1,26.2,22.5
2014-04-30,0.0,15.0,33.0,26.7,22.6
2014-05-31,0.0,8.0,34.7,27.5,22.5
2014-06-30,9.0,0.0,35.8,27.2,20.9
2014-07-31,0.0,0.0,36.5,27.7,21.3
2014-08-31,9.0,0.0,38.0,28.9,21.8
2014-09-30,36.0,9.0,37.3,29.4,23.7
2014-10-31,0.0,10.0,35.8,28.5,23.5
2014-11-30,36.0,18.0,33.4,27.3,22.8
2014-12-31,0.0,18.0,32.5,26.6,22.6
2015-01-31,0.0,21.0,32.8,26.5,22.1
2015-02-28,0.0,21.0,32.1,26.0,22.1
2015-03-31,0.0,23.0,32.3,26.4,22.7
2015-04-30,0.0,22.0,32.0,26.4,22.6
2015-05-31,9.0,9.0,34.5,27.5,23.0
2015-06-30,9.0,0.0,36.1,27.8,21.6
2015-07-31,9.0,0.0,37.0,28.1,21.4
2015-08-31,9.0,0.0,38.5,29.2,22.0
2015-09-30,0.0,4.0,38.6,30.4,24.1
2015-10-31,0.0,5.0,37.3,29.9,24.1
2015-11-30,0.0,15.0,34.6,27.9,23.2
2015-12-31,0.0,14.0,34.8,27.9,23.1
2016-01-31,0.0,25.0,31.5,26.3,23.1
2016-02-29,0.0,4.0,36.8,29.5,24.4
2016-03-31,0.0,20.0,33.1,27.6,24.0
2016-04-30,0.0,8.0,35.2,28.5,23.8
2016-05-31,0.0,2.0,37.0,28.8,22.6
2016-06-30,0.0,4.0,36.0,28.2,22.8
2016-07-31,0.0,0.0,37.6,28.3,21.6
2016-08-31,0.0,0.0,39.1,30.1,23.2
2016-09-30,0.0,9.0,37.2,29.7,24.7
2016-10-31,0.0,10.0,36.7,29.3,24.2
2016-11-30,0.0,13.0,34.8,28.3,23.5
2016-12-31,0.0,16.0,33.3,27.1,22.8
2017-01-31,0.0,19.0,32.1,26.2,22.2
2017-02-28,0.0,21.0,31.0,25.7,22.4
2017-03-31,0.0,20.0,32.5,26.6,22.6
2017-04-30,0.0,20.0,33.6,27.2,23.1
2017-05-31,0.0,4.0,35.6,28.1,22.6
2017-06-30,9.0,0.0,36.1,27.5,20.9
2017-07-31,9.0,0.0,35.2,26.8,20.4
2017-08-31,0.0,0.0,39.5,29.6,21.7
2017-09-30,9.0,0.0,39.6,31.5,26.5
2017-10-31,0.0,6.0,38.6,31.1,25.4
2017-11-30,0.0,19.0,33.7,27.5,23.4
2017-12-31,0.0,21.0,31.9,26.1,22.5
2018-01-31,18.0,22.0,32.3,26.3,22.2
2018-02-28,0.0,22.0,31.3,25.9,22.3
2018-03-31,0.0,21.0,32.1,26.6,22.4
2018-04-30,0.0,15.0,32.6,26.7,22.5
2018-05-31,0.0,1.0,35.2,27.7,22.7
2018-06-30,9.0,0.0,36.4,27.4,20.5
2018-07-31,0.0,0.0,37.2,27.4,19.4
2018-08-31,9.0,3.0,38.2,29.4,22.7
2018-09-30,0.0,5.0,37.8,30.1,24.3
2018-10-31,0.0,16.0,34.4,27.8,23.2
2018-11-30,18.0,21.0,32.9,27.1,23.2
2018-12-31,0.0,16.0,32.7,26.9,22.9
2019-01-31,0.0,18.0,32.9,26.7,22.4
2019-02-28,0.0,19.0,32.0,26.3,22.4
2019-03-31,0.0,27.0,32.0,26.4,22.6
2019-04-30,0.0,17.0,33.4,27.3,23.2
2019-05-31,0.0,8.0,35.3,28.1,23.0
2019-06-30,9.0,1.0,35.9,27.6,21.5
2019-07-31,9.0,0.0,36.5,27.8,21.1
2019-08-31,9.0,0.0,38.2,29.5,22.5
2019-09-30,0.0,1.0,40.0,31.2,24.1
2019-10-31,0.0,13.0,34.4,28.0,23.1
2019-11-30,0.0,16.0,33.9,27.6,23.2
2019-12-31,0.0,18.0,34.4,27.9,23.3
2020-01-31,0.0,26.0,32.4,26.8,23.0
2020-02-29,0.0,19.0,31.9,27.0,23.3
2020-03-31,0.0,26.0,32.1,26.8,23.3
2020-04-30,0.0,18.0,32.9,27.2,23.2
2020-05-31,0.0,8.0,34.0,27.8,23.4
2020-06-30,0.0,0.0,34.7,27.6,22.2
2020-07-31,0.0,0.0,35.7,27.5,21.2
2020-08-31,9.0,0.0,37.8,29.2,22.3
2020-09-30,9.0,2.0,39.3,31.2,25.5
2020-10-31,36.0,12.0,36.8,29.6,24.2
2020-11-30,0.0,12.0,34.3,28.2,24.0
2020-12-31,18.0,16.0,33.7,27.6,23.0
2021-01-31,0.0,22.0,32.7,26.7,22.6
2021-02-28,0.0,25.0,30.4,25.6,22.4
2021-03-31,0.0,22.0,32.2,26.4,22.4
2021-04-30,0.0,20.0,32.2,26.8,23.0
2021-05-31,0.0,1.0,35.1,27.6,21.7
2021-06-30,0.0,0.0,35.9,27.7,20.9
2021-07-31,0.0,0.0,36.4,27.3,20.2
2021-08-31,9.0,1.0,37.8,29.6,22.8
2021-09-30,0.0,4.0,37.6,30.1,24.0
2021-10-31,0.0,16.0,34.5,28.1,23.4
2021-11-30,23.0,24.0,31.9,26.4,22.7
2021-12-31,0.0,25.0,31.0,26.1,23.1
2022-01-31,0.0,21.0,31.7,26.2,22.6
2022-02-28,0.0,21.0,32.2,26.4,22.7
2022-03-31,14.0,24.0,31.7,26.1,22.6
2022-04-30,27.0,12.0,33.9,27.8,23.3
2022-05-31,0.0,1.0,34.9,27.2,21.7
2022-06-30,0.0,1.0,36.0,27.5,21.0
2022-07-31,9.0,0.0,36.3,28.0,21.2
2022-08-31,9.0,0.0,37.5,29.6,23.3
2022-09-30,0.0,3.0,37.7,30.3,24.1
2022-10-31,0.0,3.0,36.4,29.8,24.2
2022-11-30,32.0,22.0,31.8,26.3,22.6
2022-12-31,0.0,26.0,31.0,26.0,22.7
2023-01-31,9.0,24.0,31.1,25.7,22.0
2023-02-28,9.0,18.0,32.9,26.6,22.5
2023-03-31,0.0,26.0,31.0,25.9,22.3
2023-04-30,5.0,15.0,33.1,26.9,22.7
2023-05-31,9.0,5.0,33.9,27.7,23.1
2023-06-30,9.0,0.0,34.8,27.5,21.2
2023-07-31,9.0,0.0,35.5,27.3,20.3
2023-08-31,9.0,2.0,36.1,28.4,22.2
2023-09-30,9.0,4.0,37.6,30.1,23.6
2023-10-31,32.0,14.0,36.6,29.2,24.1
2023-11-30,32.0,17.0,35.1,28.5,23.6
2023-12-31,5.0,10.0,34.5,28.3,23.6
2024-01-31,9.0,22.0,32.1,26.6,23.1
2024-02-29,5.0,21.0,32.5,27.1,23.6
2024-03-31,32.0,21.0,34.3,27.9,23.8
2024-04-30,0.0,19.0,33.8,27.7,23.8
2024-05-31,9.0,2.0,35.6,28.1,22.3
2024-06-30,9.0,0.0,35.5,27.2,20.4
2024-07-31,9.0,0.0,35.6,27.0,19.6
2024-08-31,9.0,0.0,37.2,28.8,21.7
2024-09-30,9.0,1.0,39.7,31.2,24.4
2024-10-31,5.0,13.0,36.2,29.2,23.9
2024-11-30,23.0,19.0,33.7,27.5,23.5
2024-12-31,18.0,23.0,32.7,26.8,23.0
2025-01-31,32.0,21.0,31.2,26.2,22.7
2025-02-28,0.0,20.0,31.9,26.2,22.5
2025-03-31,9.0,20.0,32.3,26.7,22.9
2025-04-30,18.0,17.0,33.7,27.6,23.2
2025-05-31,9.0,5.0,34.8,27.6,22.3
2025-06-30,9.0,0.0,35.1,27.2,20.7
2025-07-31,9.0,0.0,35.5,26.7,19.0
2025-08-31,9.0,0.0,37.3,28.9,21.9
2025-09-30,9.0,3.0,,,
