ano,mes,data_referencia,populacao_estim,fonte
1991,1,1991-01-01,24261,"Interpolação linear (âncoras: Censos 1991, 2000, 2010, 2022; Estimativa IBGE 2024)"
1991,2,1991-02-01,25325,"Interpolação linear (âncoras: Censos 1991, 2000, 2010, 2022; Estimativa IBGE 2024)"
1991,3,1991-03-01,26285,"Interpolação linear (âncoras: Censos 1991, 2000, 2010, 2022; Estimativa IBGE 2024)"
1991,4,1991-04-01,27349,"Interpolação linear (âncoras: Censos 1991, 2000, 2010, 2022; Estimativa IBGE 2024)"
1991,5,1991-05-01,28378,"Interpolação linear (âncoras: Censos 1991, 2000, 2010, 2022; Estimativa IBGE 2024)"
1991,6,1991-06-01,29442,"Interpolação linear (âncoras: Censos 1991, 2000, 2010, 2022; Estimativa IBGE 2024)"
1991,7,1991-07-01,30471,"Interpolação linear (âncoras: Censos 1991, 2000, 2010, 2022; Estimativa IBGE 2024)"
1991,8,1991-08-01,31535,"Interpolação linear (âncoras: Censos 1991, 2000, 2010, 2022; Estimativa IBGE 2024)"
1991,9,1991-09-01,32599,"Interpolação linear (âncoras: Censos 1991, 2000, 2010, 2022; Estimativa IBGE 2024)"
1991,10,1991-10-01,33628,"Interpolação linear (âncoras: Censos 1991, 2000, 2010, 2022; Estimativa IBGE 2024)"
1991,11,1991-11-01,34692,"Interpolação linear (âncoras: Censos 1991, 2000, 2010, 2022; Estimativa IBGE 2024)"
1991,12,1991-12-01,35721,"Interpolação linear (âncoras: Censos 1991, 2000, 2010, 2022; Estimativa IBGE 2024)"
1992,1,1992-01-01,36785,"Interpolação linear (âncoras: Censos 1991, 2000, 2010, 2022; Estimativa IBGE 2024)"
1992,2,1992-02-01,37849,"Interpolação linear (âncoras: Censos 1991, 2000, 2010, 2022; Estimativa IBGE 2024)"
1992,3,1992-03-01,38844,"Interpolação linear (âncoras: Censos 1991, 2000, 2010, 2022; Estimativa IBGE 2024)"
1992,4,1992-04-01,39907,"Interpolação linear (âncoras: Censos 1991, 2000, 2010, 2022; Estimativa IBGE 2024)"
1992,5,1992-05-01,40937,"Interpolação linear (âncoras: Censos 1991, 2000, 2010, 2022; Estimativa IBGE 2024)"
1992,6,1992-06-01,42000,"Interpolação linear (âncoras: Censos 1991, 2000, 2010, 2022; Estimativa IBGE 2024)"
1992,7,1992-07-01,43030,"Interpolação linear (âncoras: Censos 1991, 2000, 2010, 2022; Estimativa IBGE 2024)"
1992,8,1992-08-01,44093,"Interpolação linear (âncoras: Censos 1991, 2000, 2010, 2022; Estimativa IBGE 2024)"
1992,9,1992-09-01,45157,"Interpolação linear (âncoras: Censos 1991, 2000, 2010, 2022; Estimativa IBGE 2024)"
1992,10,1992-10-01,46186,"Interpolação linear (âncoras: Censos 1991, 2000, 2010, 2022; Estimativa IBGE 2024)"
1992,11,1992-11-01,47250,"Interpolação linear (âncoras: Censos 1991, 2000, 2010, 2022; Estimativa IBGE 2024)"
1992,12,1992-12-01,48279,"Interpolação linear (âncoras: Censos 1991, 2000, 2010, 2022; Estimativa IBGE 2024)"
1993,1,1993-01-01,49343,"Interpolação linear (âncoras: Censos 1991, 2000, 2010, 2022; Estimativa IBGE 2024)"
1993,2,1993-02-01,50407,"Interpolação linear (âncoras: Censos 1991, 2000, 2010, 2022; Estimativa IBGE 2024)"
1993,3,1993-03-01,51368,"Interpolação linear (âncoras: Censos 1991, 2000, 2010, 2022; Estimativa IBGE 2024)"
1993,4,1993-04-01,52431,"Interpolação linear (âncoras: Censos 1991, 2000, 2010, 2022; Estimativa IBGE 2024)"
1993,5,1993-05-01,53461,"Interpolação linear (âncoras: Censos 1991, 2000, 2010, 2022; Estimativa IBGE 2024)"
1993,6,1993-06-01,54524,"Interpolação linear (âncoras: Censos 1991, 2000, 2010, 2022; Estimativa IBGE 2024)"
1993,7,1993-07-01,55554,"Interpolação linear (âncoras: Censos 1991, 2000, 2010, 2022; Estimativa IBGE 2024)"
1993,8,1993-08-01,56617,"Interpolação linear (âncoras: Censos 1991, 2000, 2010, 2022; Estimativa IBGE 2024)"
1993,9,1993-09-01,57681,"Interpolação linear (âncoras: Censos 1991, 2000, 2010, 2022; Estimativa IBGE 2024)"
1993,10,1993-10-01,58710,"Interpolação linear (âncoras: Censos 1991, 2000, 2010, 2022; Estimativa IBGE 2024)"
1993,11,1993-11-01,59774,"Interpolação linear (âncoras: Censos 1991, 2000, 2010, 2022; Estimativa IBGE 2024)"
1993,12,1993-12-01,60803,"Interpolação linear (âncoras: Censos 1991, 2000, 2010, 2022; Estimativa IBGE 2024)"
1994,1,1994-01-01,61867,"Interpolação linear (âncoras: Censos 1991, 2000, 2010, 2022; Estimativa IBGE 2024)"
1994,2,1994-02-01,62931,"Interpolação linear (âncoras: Censos 1991, 2000, 2010, 2022; Estimativa IBGE 2024)"
1994,3,1994-03-01,63892,"Interpolação linear (âncoras: Censos 1991, 2000, 2010, 2022; Estimativa IBGE 2024)"
1994,4,1994-04-01,64955,"Interpolação linear (âncoras: Censos 1991, 2000, 2010, 2022; Estimativa IBGE 2024)"
1994,5,1994-05-01,65985,"Interpolação linear (âncoras: Censos 1991, 2000, 2010, 2022; Estimativa IBGE 2024)"
1994,6,1994-06-01,67048,"Interpolação linear (âncoras: Censos 1991, 2000, 2010, 2022; Estimativa IBGE 2024)"
1994,7,1994-07-01,68078,"Interpolação linear (âncoras: Censos 1991, 2000, 2010, 2022; Estimativa IBGE 2024)"
1994,8,1994-08-01,69141,"Interpolação linear (âncoras: Censos 1991, 2000, 2010, 2022; Estimativa IBGE 2024)"
1994,9,1994-09-01,70205,"Interpolação linear (âncoras: Censos 1991, 2000, 2010, 2022; Estimativa IBGE 2024)"
1994,10,1994-10-01,71234,"Interpolação linear (âncoras: Censos 1991, 2000, 2010, 2022; Estimativa IBGE 2024)"
1994,11,1994-11-01,72298,"Interpolação linear (âncoras: Censos 1991, 2000, 2010, 2022; Estimativa IBGE 2024)"
1994,12,1994-12-01,73327,"Interpolação linear (âncoras: Censos 1991, 2000, 2010, 2022; Estimativa IBGE 2024)"
1995,1,1995-01-01,74391,"Interpolação linear (âncoras: Censos 1991, 2000, 2010, 2022; Estimativa IBGE 2024)"
1995,2,1995-02-01,75455,"Interpolação linear (âncoras: Censos 1991, 2000, 2010, 2022; Estimativa IBGE 2024)"
1995,3,1995-03-01,76415,"Interpolação linear (âncoras: Censos 1991, 2000, 2010, 2022; Estimativa IBGE 2024)"
1995,4,1995-04-01,77479,"Interpolação linear (âncoras: Censos 1991, 2000, 2010, 2022; Estimativa IBGE 2024)"
1995,5,1995-05-01,78508,"Interpolação linear (âncoras: Censos 1991, 2000, 2010, 2022; Estimativa IBGE 2024)"
1995,6,1995-06-01,79572,"Interpolação linear (âncoras: Censos 1991, 2000, 2010, 2022; Estimativa IBGE 2024)"
1995,7,1995-07-01,80602,"Interpolação linear (âncoras: Censos 1991, 2000, 2010, 2022; Estimativa IBGE 2024)"
1995,8,1995-08-01,81665,"Interpolação linear (âncoras: Censos 1991, 2000, 2010, 2022; Estimativa IBGE 2024)"
1995,9,1995-09-01,82729,"Interpolação linear (âncoras: Censos 1991, 2000, 2010, 2022; Estimativa IBGE 2024)"
1995,10,1995-10-01,83758,"Interpolação linear (âncoras: Censos 1991, 2000, 2010, 2022; Estimativa IBGE 2024)"
1995,11,1995-11-01,84822,"Interpolação linear (âncoras: Censos 1991, 2000, 2010, 2022; Estimativa IBGE 2024)"
1995,12,1995-12-01,85851,"Interpolação linear (âncoras: Censos 1991, 2000, 2010, 2022; Estimativa IBGE 2024)"
1996,1,1996-01-01,86915,"Interpolação linear (âncoras: Censos 1991, 2000, 2010, 2022; Estimativa IBGE 2024)"
1996,2,1996-02-01,87979,"Interpolação linear (âncoras: Censos 1991, 2000, 2010, 2022; Estimativa IBGE 2024)"
1996,3,1996-03-01,88974,"Interpolação linear (âncoras: Censos 1991, 2000, 2010, 2022; Estimativa IBGE 2024)"
1996,4,1996-04-01,90037,"Interpolação linear (âncoras: Censos 1991, 2000, 2010, 2022; Estimativa IBGE 2024)"
1996,5,1996-05-01,91067,"Interpolação linear (âncoras: Censos 1991, 2000, 2010, 2022; Estimativa IBGE 2024)"
1996,6,1996-06-01,92130,"Interpolação linear (âncoras: Censos 1991, 2000, 2010, 2022; Estimativa IBGE 2024)"
1996,7,1996-07-01,93160,"Interpolação linear (âncoras: Censos 1991, 2000, 2010, 2022; Estimativa IBGE 2024)"
1996,8,1996-08-01,94223,"Interpolação linear (âncoras: Censos 1991, 2000, 2010, 2022; Estimativa IBGE 2024)"
1996,9,1996-09-01,95287,"Interpolação linear (âncoras: Censos 1991, 2000, 2010, 2022; Estimativa IBGE 2024)"
1996,10,1996-10-01,96316,"Interpolação linear (âncoras: Censos 1991, 2000, 2010, 2022; Estimativa IBGE 2024)"
1996,11,1996-11-01,97380,"Interpolação linear (âncoras: Censos 1991, 2000, 2010, 2022; Estimativa IBGE 2024)"
1996,12,1996-12-01,98410,"Interpolação linear (âncoras: Censos 1991, 2000, 2010, 2022; Estimativa IBGE 2024)"
1997,1,1997-01-01,99473,"Interpolação linear (âncoras: Censos 1991, 2000, 2010, 2022; Estimativa IBGE 2024)"
1997,2,1997-02-01,100537,"Interpolação linear (âncoras: Censos 1991, 2000, 2010, 2022; Estimativa IBGE 2024)"
1997,3,1997-03-01,101498,"Interpolação linear (âncoras: Censos 1991, 2000, 2010, 2022; Estimativa IBGE 2024)"
1997,4,1997-04-01,102561,"Interpolação linear (âncoras: Censos 1991, 2000, 2010, 2022; Estimativa IBGE 2024)"
1997,5,1997-05-01,103591,"Interpolação linear (âncoras: Censos 1991, 2000, 2010, 2022; Estimativa IBGE 2024)"
1997,6,1997-06-01,104654,"Interpolação linear (âncoras: Censos 1991, 2000, 2010, 2022; Estimativa IBGE 2024)"
1997,7,1997-07-01,105684,"Interpolação linear (âncoras: Censos 1991, 2000, 2010, 2022; Estimativa IBGE 2024)"
1997,8,1997-08-01,106747,"Interpolação linear (âncoras: Censos 1991, 2000, 2010, 2022; Estimativa IBGE 2024)"
1997,9,1997-09-01,107811,"Interpolação linear (âncoras: Censos 1991, 2000, 2010, 2022; Estimativa IBGE 2024)"
1997,10,1997-10-01,108840,"Interpolação linear (âncoras: Censos 1991, 2000, 2010, 2022; Estimativa IBGE 2024)"
1997,11,1997-11-01,109904,"Interpolação linear (âncoras: Censos 1991, 2000, 2010, 2022; Estimativa IBGE 2024)"
1997,12,1997-12-01,110933,"Interpolação linear (âncoras: Censos 1991, 2000, 2010, 2022; Estimativa IBGE 2024)"
1998,1,1998-01-01,111997,"Interpolação linear (âncoras: Censos 1991, 2000, 2010, 2022; Estimativa IBGE 2024)"
1998,2,1998-02-01,113061,"Interpolação linear (âncoras: Censos 1991, 2000, 2010, 2022; Estimativa IBGE 2024)"
1998,3,1998-03-01,114022,"Interpolação linear (âncoras: Censos 1991, 2000, 2010, 2022; Estimativa IBGE 2024)"
1998,4,1998-04-01,115085,"Interpolação linear (âncoras: Censos 1991, 2000, 2010, 2022; Estimativa IBGE 2024)"
1998,5,1998-05-01,116115,"Interpolação linear (âncoras: Censos 1991, 2000, 2010, 2022; Estimativa IBGE 2024)"
1998,6,1998-06-01,117178,"Interpolação linear (âncoras: Censos 1991, 2000, 2010, 2022; Estimativa IBGE 2024)"
1998,7,1998-07-01,118208,"Interpolação linear (âncoras: Censos 1991, 2000, 2010, 2022; Estimativa IBGE 2024)"
1998,8,1998-08-01,119271,"Interpolação linear (âncoras: Censos 1991, 2000, 2010, 2022; Estimativa IBGE 2024)"
1998,9,1998-09-01,120335,"Interpolação linear (âncoras: Censos 1991, 2000, 2010, 2022; Estimativa IBGE 2024)"
1998,10,1998-10-01,121364,"Interpolação linear (âncoras: Censos 1991, 2000, 2010, 2022; Estimativa IBGE 2024)"
1998,11,1998-11-01,122428,"Interpolação linear (âncoras: Censos 1991, 2000, 2010, 2022; Estimativa IBGE 2024)"
1998,12,1998-12-01,123457,"Interpolação linear (âncoras: Censos 1991, 2000, 2010, 2022; Estimativa IBGE 2024)"
1999,1,1999-01-01,124521,"Interpolação linear (âncoras: Censos 1991, 2000, 2010, 2022; Estimativa IBGE 2024)"
1999,2,1999-02-01,125585,"Interpolação linear (âncoras: Censos 1991, 2000, 2010, 2022; Estimativa IBGE 2024)"
1999,3,1999-03-01,126545,"Interpolação linear (âncoras: Censos 1991, 2000, 2010, 2022; Estimativa IBGE 2024)"
1999,4,1999-04-01,127609,"Interpolação linear (âncoras: Censos 1991, 2000, 2010, 2022; Estimativa IBGE 2024)"
1999,5,1999-05-01,128639,"Interpolação linear (âncoras: Censos 1991, 2000, 2010, 2022; Estimativa IBGE 2024)"
1999,6,1999-06-01,129702,"Interpolação linear (âncoras: Censos 1991, 2000, 2010, 2022; Estimativa IBGE 2024)"
1999,7,1999-07-01,130732,"Interpolação linear (âncoras: Censos 1991, 2000, 2010, 2022; Estimativa IBGE 2024)"
1999,8,1999-08-01,131795,"Interpolação linear (âncoras: Censos 1991, 2000, 2010, 2022; Estimativa IBGE 2024)"
1999,9,1999-09-01,132859,"Interpolação linear (âncoras: Censos 1991, 2000, 2010, 2022; Estimativa IBGE 2024)"
1999,10,1999-10-01,133888,"Interpolação linear (âncoras: Censos 1991, 2000, 2010, 2022; Estimativa IBGE 2024)"
1999,11,1999-11-01,134952,"Interpolação linear (âncoras: Censos 1991, 2000, 2010, 2022; Estimativa IBGE 2024)"
1999,12,1999-12-01,135981,"Interpolação linear (âncoras: Censos 1991, 2000, 2010, 2022; Estimativa IBGE 2024)"
2000,1,2000-01-01,137045,"Interpolação linear (âncoras: Censos 1991, 2000, 2010, 2022; Estimativa IBGE 2024)"
2000,2,2000-02-01,137820,"Interpolação linear (âncoras: Censos 1991, 2000, 2010, 2022; Estimativa IBGE 2024)"
2000,3,2000-03-01,138544,"Interpolação linear (âncoras: Censos 1991, 2000, 2010, 2022; Estimativa IBGE 2024)"
2000,4,2000-04-01,139319,"Interpolação linear (âncoras: Censos 1991, 2000, 2010, 2022; Estimativa IBGE 2024)"
2000,5,2000-05-01,140069,"Interpolação linear (âncoras: Censos 1991, 2000, 2010, 2022; Estimativa IBGE 2024)"
2000,6,2000-06-01,140843,"Interpolação linear (âncoras: Censos 1991, 2000, 2010, 2022; Estimativa IBGE 2024)"
2000,7,2000-07-01,141593,"Interpolação linear (âncoras: Censos 1991, 2000, 2010, 2022; Estimativa IBGE 2024)"
2000,8,2000-08-01,142368,"Interpolação linear (âncoras: Censos 1991, 2000, 2010, 2022; Estimativa IBGE 2024)"
2000,9,2000-09-01,143142,"Interpolação linear (âncoras: Censos 1991, 2000, 2010, 2022; Estimativa IBGE 2024)"
2000,10,2000-10-01,143892,"Interpolação linear (âncoras: Censos 1991, 2000, 2010, 2022; Estimativa IBGE 2024)"
2000,11,2000-11-01,144667,"Interpolação linear (âncoras: Censos 1991, 2000, 2010, 2022; Estimativa IBGE 2024)"
2000,12,2000-12-01,145417,"Interpolação linear (âncoras: Censos 1991, 2000, 2010, 2022; Estimativa IBGE 2024)"
2001,1,2001-01-01,146191,"Interpolação linear (âncoras: Censos 1991, 2000, 2010, 2022; Estimativa IBGE 2024)"
2001,2,2001-02-01,146966,"Interpolação linear (âncoras: Censos 1991, 2000, 2010, 2022; Estimativa IBGE 2024)"
2001,3,2001-03-01,147666,"Interpolação linear (âncoras: Censos 1991, 2000, 2010, 2022; Estimativa IBGE 2024)"
2001,4,2001-04-01,148440,"Interpolação linear (âncoras: Censos 1991, 2000, 2010, 2022; Estimativa IBGE 2024)"
2001,5,2001-05-01,149190,"Interpolação linear (âncoras: Censos 1991, 2000, 2010, 2022; Estimativa IBGE 2024)"
2001,6,2001-06-01,149965,"Interpolação linear (âncoras: Censos 1991, 2000, 2010, 2022; Estimativa IBGE 2024)"
2001,7,2001-07-01,150714,"Interpolação linear (âncoras: Censos 1991, 2000, 2010, 2022; Estimativa IBGE 2024)"
2001,8,2001-08-01,151489,"Interpolação linear (âncoras: Censos 1991, 2000, 2010, 2022; Estimativa IBGE 2024)"
2001,9,2001-09-01,152264,"Interpolação linear (âncoras: Censos 1991, 2000, 2010, 2022; Estimativa IBGE 2024)"
2001,10,2001-10-01,153013,"Interpolação linear (âncoras: Censos 1991, 2000, 2010, 2022; Estimativa IBGE 2024)"
2001,11,2001-11-01,153788,"Interpolação linear (âncoras: Censos 1991, 2000, 2010, 2022; Estimativa IBGE 2024)"
2001,12,2001-12-01,154538,"Interpolação linear (âncoras: Censos 1991, 2000, 2010, 2022; Estimativa IBGE 2024)"
2002,1,2002-01-01,155312,"Interpolação linear (âncoras: Censos 1991, 2000, 2010, 2022; Estimativa IBGE 2024)"
2002,2,2002-02-01,156087,"Interpolação linear (âncoras: Censos 1991, 2000, 2010, 2022; Estimativa IBGE 2024)"
2002,3,2002-03-01,156787,"Interpolação linear (âncoras: Censos 1991, 2000, 2010, 2022; Estimativa IBGE 2024)"
2002,4,2002-04-01,157561,"Interpolação linear (âncoras: Censos 1991, 2000, 2010, 2022; Estimativa IBGE 2024)"
2002,5,2002-05-01,158311,"Interpolação linear (âncoras: Censos 1991, 2000, 2010, 2022; Estimativa IBGE 2024)"
2002,6,2002-06-01,159086,"Interpolação linear (âncoras: Censos 1991, 2000, 2010, 2022; Estimativa IBGE 2024)"
2002,7,2002-07-01,159836,"Interpolação linear (âncoras: Censos 1991, 2000, 2010, 2022; Estimativa IBGE 2024)"
2002,8,2002-08-01,160610,"Interpolação linear (âncoras: Censos 1991, 2000, 2010, 2022; Estimativa IBGE 2024)"
2002,9,2002-09-01,161385,"Interpolação linear (âncoras: Censos 1991, 2000, 2010, 2022; Estimativa IBGE 2024)"
2002,10,2002-10-01,162135,"Interpolação linear (âncoras: Censos 1991, 2000, 2010, 2022; Estimativa IBGE 2024)"
2002,11,2002-11-01,162909,"Interpolação linear (âncoras: Censos 1991, 2000, 2010, 2022; Estimativa IBGE 2024)"
2002,12,2002-12-01,163659,"Interpolação linear (âncoras: Censos 1991, 2000, 2010, 2022; Estimativa IBGE 2024)"
2003,1,2003-01-01,164434,"Interpolação linear (âncoras: Censos 1991, 2000, 2010, 2022; Estimativa IBGE 2024)"
2003,2,2003-02-01,165208,"Interpolação linear (âncoras: Censos 1991, 2000, 2010, 2022; Estimativa IBGE 2024)"
2003,3,2003-03-01,165908,"Interpolação linear (âncoras: Censos 1991, 2000, 2010, 2022; Estimativa IBGE 2024)"
2003,4,2003-04-01,166683,"Interpolação linear (âncoras: Censos 1991, 2000, 2010, 2022; Estimativa IBGE 2024)"
2003,5,2003-05-01,167432,"Interpolação linear (âncoras: Censos 1991, 2000, 2010, 2022; Estimativa IBGE 2024)"
2003,6,2003-06-01,168207,"Interpolação linear (âncoras: Censos 1991, 2000, 2010, 2022; Estimativa IBGE 2024)"
2003,7,2003-07-01,168957,"Interpolação linear (âncoras: Censos 1991, 2000, 2010, 2022; Estimativa IBGE 2024)"
2003,8,2003-08-01,169731,"Interpolação linear (âncoras: Censos 1991, 2000, 2010, 2022; Estimativa IBGE 2024)"
2003,9,2003-09-01,170506,"Interpolação linear (âncoras: Censos 1991, 2000, 2010, 2022; Estimativa IBGE 2024)"
2003,10,2003-10-01,171256,"Interpolação linear (âncoras: Censos 1991, 2000, 2010, 2022; Estimativa IBGE 2024)"
2003,11,2003-11-01,172030,"Interpolação linear (âncoras: Censos 1991, 2000, 2010, 2022; Estimativa IBGE 2024)"
2003,12,2003-12-01,172780,"Interpolação linear (âncoras: Censos 1991, 2000, 2010, 2022; Estimativa IBGE 2024)"
2004,1,2004-01-01,173555,"Interpolação linear (âncoras: Censos 1991, 2000, 2010, 2022; Estimativa IBGE 2024)"
2004,2,2004-02-01,174329,"Interpolação linear (âncoras: Censos 1991, 2000, 2010, 2022; Estimativa IBGE 2024)"
2004,3,2004-03-01,175054,"Interpolação linear (âncoras: Censos 1991, 2000, 2010, 2022; Estimativa IBGE 2024)"
2004,4,2004-04-01,175829,"Interpolação linear (âncoras: Censos 1991, 2000, 2010, 2022; Estimativa IBGE 2024)"
2004,5,2004-05-01,176579,"Interpolação linear (âncoras: Censos 1991, 2000, 2010, 2022; Estimativa IBGE 2024)"
2004,6,2004-06-01,177353,"Interpolação linear (âncoras: Censos 1991, 2000, 2010, 2022; Estimativa IBGE 2024)"
2004,7,2004-07-01,178103,"Interpolação linear (âncoras: Censos 1991, 2000, 2010, 2022; Estimativa IBGE 2024)"
2004,8,2004-08-01,178878,"Interpolação linear (âncoras: Censos 1991, 2000, 2010, 2022; Estimativa IBGE 2024)"
2004,9,2004-09-01,179652,"Interpolação linear (âncoras: Censos 1991, 2000, 2010, 2022; Estimativa IBGE 2024)"
2004,10,2004-10-01,180402,"Interpolação linear (âncoras: Censos 1991, 2000, 2010, 2022; Estimativa IBGE 2024)"
2004,11,2004-11-01,181177,"Interpolação linear (âncoras: Censos 1991, 2000, 2010, 2022; Estimativa IBGE 2024)"
2004,12,2004-12-01,181926,"Interpolação linear (âncoras: Censos 1991, 2000, 2010, 2022; Estimativa IBGE 2024)"
2005,1,2005-01-01,182701,"Interpolação linear (âncoras: Censos 1991, 2000, 2010, 2022; Estimativa IBGE 2024)"
2005,2,2005-02-01,183476,"Interpolação linear (âncoras: Censos 1991, 2000, 2010, 2022; Estimativa IBGE 2024)"
2005,3,2005-03-01,184175,"Interpolação linear (âncoras: Censos 1991, 2000, 2010, 2022; Estimativa IBGE 2024)"
2005,4,2005-04-01,184950,"Interpolação linear (âncoras: Censos 1991, 2000, 2010, 2022; Estimativa IBGE 2024)"
2005,5,2005-05-01,185700,"Interpolação linear (âncoras: Censos 1991, 2000, 2010, 2022; Estimativa IBGE 2024)"
2005,6,2005-06-01,186474,"Interpolação linear (âncoras: Censos 1991, 2000, 2010, 2022; Estimativa IBGE 2024)"
2005,7,2005-07-01,187224,"Interpolação linear (âncoras: Censos 1991, 2000, 2010, 2022; Estimativa IBGE 2024)"
2005,8,2005-08-01,187999,"Interpolação linear (âncoras: Censos 1991, 2000, 2010, 2022; Estimativa IBGE 2024)"
2005,9,2005-09-01,188773,"Interpolação linear (âncoras: Censos 1991, 2000, 2010, 2022; Estimativa IBGE 2024)"
2005,10,2005-10-01,189523,"Interpolação linear (âncoras: Censos 1991, 2000, 2010, 2022; Estimativa IBGE 2024)"
2005,11,2005-11-01,190298,"Interpolação linear (âncoras: Censos 1991, 2000, 2010, 2022; Estimativa IBGE 2024)"
2005,12,2005-12-01,191048,"Interpolação linear (âncoras: Censos 1991, 2000, 2010, 2022; Estimativa IBGE 2024)"
2006,1,2006-01-01,191822,"Interpolação linear (âncoras: Censos 1991, 2000, 2010, 2022; Estimativa IBGE 2024)"
2006,2,2006-02-01,192597,"Interpolação linear (âncoras: Censos 1991, 2000, 2010, 2022; Estimativa IBGE 2024)"
2006,3,2006-03-01,193297,"Interpolação linear (âncoras: Censos 1991, 2000, 2010, 2022; Estimativa IBGE 2024)"
2006,4,2006-04-01,194071,"Interpolação linear (âncoras: Censos 1991, 2000, 2010, 2022; Estimativa IBGE 2024)"
2006,5,2006-05-01,194821,"Interpolação linear (âncoras: Censos 1991, 2000, 2010, 2022; Estimativa IBGE 2024)"
2006,6,2006-06-01,195596,"Interpolação linear (âncoras: Censos 1991, 2000, 2010, 2022; Estimativa IBGE 2024)"
2006,7,2006-07-01,196345,"Interpolação linear (âncoras: Censos 1991, 2000, 2010, 2022; Estimativa IBGE 2024)"
2006,8,2006-08-01,197120,"Interpolação linear (âncoras: Censos 1991, 2000, 2010, 2022; Estimativa IBGE 2024)"
2006,9,2006-09-01,197895,"Interpolação linear (âncoras: Censos 1991, 2000, 2010, 2022; Estimativa IBGE 2024)"
2006,10,2006-10-01,198644,"Interpolação linear (âncoras: Censos 1991, 2000, 2010, 2022; Estimativa IBGE 2024)"
2006,11,2006-11-01,199419,"Interpolação linear (âncoras: Censos 1991, 2000, 2010, 2022; Estimativa IBGE 2024)"
2006,12,2006-12-01,200169,"Interpolação linear (âncoras: Censos 1991, 2000, 2010, 2022; Estimativa IBGE 2024)"
2007,1,2007-01-01,200943,"Interpolação linear (âncoras: Censos 1991, 2000, 2010, 2022; Estimativa IBGE 2024)"
2007,2,2007-02-01,201718,"Interpolação linear (âncoras: Censos 1991, 2000, 2010, 2022; Estimativa IBGE 2024)"
2007,3,2007-03-01,202418,"Interpolação linear (âncoras: Censos 1991, 2000, 2010, 2022; Estimativa IBGE 2024)"
2007,4,2007-04-01,203192,"Interpolação linear (âncoras: Censos 1991, 2000, 2010, 2022; Estimativa IBGE 2024)"
2007,5,2007-05-01,203942,"Interpolação linear (âncoras: Censos 1991, 2000, 2010, 2022; Estimativa IBGE 2024)"
2007,6,2007-06-01,204717,"Interpolação linear (âncoras: Censos 1991, 2000, 2010, 2022; Estimativa IBGE 2024)"
2007,7,2007-07-01,205467,"Interpolação linear (âncoras: Censos 1991, 2000, 2010, 2022; Estimativa IBGE 2024)"
2007,8,2007-08-01,206241,"Interpolação linear (âncoras: Censos 1991, 2000, 2010, 2022; Estimativa IBGE 2024)"
2007,9,2007-09-01,207016,"Interpolação linear (âncoras: Censos 1991, 2000, 2010, 2022; Estimativa IBGE 2024)"
2007,10,2007-10-01,207766,"Interpolação linear (âncoras: Censos 1991, 2000, 2010, 2022; Estimativa IBGE 2024)"
2007,11,2007-11-01,208540,"Interpolação linear (âncoras: Censos 1991, 2000, 2010, 2022; Estimativa IBGE 2024)"
2007,12,2007-12-01,209290,"Interpolação linear (âncoras: Censos 1991, 2000, 2010, 2022; Estimativa IBGE 2024)"
2008,1,2008-01-01,210065,"Interpolação linear (âncoras: Censos 1991, 2000, 2010, 2022; Estimativa IBGE 2024)"
2008,2,2008-02-01,210839,"Interpolação linear (âncoras: Censos 1991, 2000, 2010, 2022; Estimativa IBGE 2024)"
2008,3,2008-03-01,211564,"Interpolação linear (âncoras: Censos 1991, 2000, 2010, 2022; Estimativa IBGE 2024)"
2008,4,2008-04-01,212339,"Interpolação linear (âncoras: Censos 1991, 2000, 2010, 2022; Estimativa IBGE 2024)"
2008,5,2008-05-01,213088,"Interpolação linear (âncoras: Censos 1991, 2000, 2010, 2022; Estimativa IBGE 2024)"
2008,6,2008-06-01,213863,"Interpolação linear (âncoras: Censos 1991, 2000, 2010, 2022; Estimativa IBGE 2024)"
2008,7,2008-07-01,214613,"Interpolação linear (âncoras: Censos 1991, 2000, 2010, 2022; Estimativa IBGE 2024)"
2008,8,2008-08-01,215387,"Interpolação linear (âncoras: Censos 1991, 2000, 2010, 2022; Estimativa IBGE 2024)"
2008,9,2008-09-01,216162,"Interpolação linear (âncoras: Censos 1991, 2000, 2010, 2022; Estimativa IBGE 2024)"
2008,10,2008-10-01,216912,"Interpolação linear (âncoras: Censos 1991, 2000, 2010, 2022; Estimativa IBGE 2024)"
2008,11,2008-11-01,217686,"Interpolação linear (âncoras: Censos 1991, 2000, 2010, 2022; Estimativa IBGE 2024)"
2008,12,2008-12-01,218436,"Interpolação linear (âncoras: Censos 1991, 2000, 2010, 2022; Estimativa IBGE 2024)"
2009,1,2009-01-01,219211,"Interpolação linear (âncoras: Censos 1991, 2000, 2010, 2022; Estimativa IBGE 2024)"
2009,2,2009-02-01,219985,"Interpolação linear (âncoras: Censos 1991, 2000, 2010, 2022; Estimativa IBGE 2024)"
2009,3,2009-03-01,220685,"Interpolação linear (âncoras: Censos 1991, 2000, 2010, 2022; Estimativa IBGE 2024)"
2009,4,2009-04-01,221460,"Interpolação linear (âncoras: Censos 1991, 2000, 2010, 2022; Estimativa IBGE 2024)"
2009,5,2009-05-01,222210,"Interpolação linear (âncoras: Censos 1991, 2000, 2010, 2022; Estimativa IBGE 2024)"
2009,6,2009-06-01,222984,"Interpolação linear (âncoras: Censos 1991, 2000, 2010, 2022; Estimativa IBGE 2024)"
2009,7,2009-07-01,223734,"Interpolação linear (âncoras: Censos 1991, 2000, 2010, 2022; Estimativa IBGE 2024)"
2009,8,2009-08-01,224509,"Interpolação linear (âncoras: Censos 1991, 2000, 2010, 2022; Estimativa IBGE 2024)"
2009,9,2009-09-01,225283,"Interpolação linear (âncoras: Censos 1991, 2000, 2010, 2022; Estimativa IBGE 2024)"
2009,10,2009-10-01,226033,"Interpolação linear (âncoras: Censos 1991, 2000, 2010, 2022; Estimativa IBGE 2024)"
2009,11,2009-11-01,226808,"Interpolação linear (âncoras: Censos 1991, 2000, 2010, 2022; Estimativa IBGE 2024)"
2009,12,2009-12-01,227557,"Interpolação linear (âncoras: Censos 1991, 2000, 2010, 2022; Estimativa IBGE 2024)"
2010,1,2010-01-01,228332,"Interpolação linear (âncoras: Censos 1991, 2000, 2010, 2022; Estimativa IBGE 2024)"
2010,2,2010-02-01,228858,"Interpolação linear (âncoras: Censos 1991, 2000, 2010, 2022; Estimativa IBGE 2024)"
2010,3,2010-03-01,229333,"Interpolação linear (âncoras: Censos 1991, 2000, 2010, 2022; Estimativa IBGE 2024)"
2010,4,2010-04-01,229859,"Interpolação linear (âncoras: Censos 1991, 2000, 2010, 2022; Estimativa IBGE 2024)"
2010,5,2010-05-01,230368,"Interpolação linear (âncoras: Censos 1991, 2000, 2010, 2022; Estimativa IBGE 2024)"
2010,6,2010-06-01,230894,"Interpolação linear (âncoras: Censos 1991, 2000, 2010, 2022; Estimativa IBGE 2024)"
2010,7,2010-07-01,231403,"Interpolação linear (âncoras: Censos 1991, 2000, 2010, 2022; Estimativa IBGE 2024)"
2010,8,2010-08-01,231929,"Interpolação linear (âncoras: Censos 1991, 2000, 2010, 2022; Estimativa IBGE 2024)"
2010,9,2010-09-01,232455,"Interpolação linear (âncoras: Censos 1991, 2000, 2010, 2022; Estimativa IBGE 2024)"
2010,10,2010-10-01,232964,"Interpolação linear (âncoras: Censos 1991, 2000, 2010, 2022; Estimativa IBGE 2024)"
2010,11,2010-11-01,233490,"Interpolação linear (âncoras: Censos 1991, 2000, 2010, 2022; Estimativa IBGE 2024)"
2010,12,2010-12-01,233998,"Interpolação linear (âncoras: Censos 1991, 2000, 2010, 2022; Estimativa IBGE 2024)"
2011,1,2011-01-01,234524,"Interpolação linear (âncoras: Censos 1991, 2000, 2010, 2022; Estimativa IBGE 2024)"
2011,2,2011-02-01,235050,"Interpolação linear (âncoras: Censos 1991, 2000, 2010, 2022; Estimativa IBGE 2024)"
2011,3,2011-03-01,235525,"Interpolação linear (âncoras: Censos 1991, 2000, 2010, 2022; Estimativa IBGE 2024)"
2011,4,2011-04-01,236051,"Interpolação linear (âncoras: Censos 1991, 2000, 2010, 2022; Estimativa IBGE 2024)"
2011,5,2011-05-01,236560,"Interpolação linear (âncoras: Censos 1991, 2000, 2010, 2022; Estimativa IBGE 2024)"
2011,6,2011-06-01,237086,"Interpolação linear (âncoras: Censos 1991, 2000, 2010, 2022; Estimativa IBGE 2024)"
2011,7,2011-07-01,237595,"Interpolação linear (âncoras: Censos 1991, 2000, 2010, 2022; Estimativa IBGE 2024)"
2011,8,2011-08-01,238121,"Interpolação linear (âncoras: Censos 1991, 2000, 2010, 2022; Estimativa IBGE 2024)"
2011,9,2011-09-01,238647,"Interpolação linear (âncoras: Censos 1991, 2000, 2010, 2022; Estimativa IBGE 2024)"
2011,10,2011-10-01,239156,"Interpolação linear (âncoras: Censos 1991, 2000, 2010, 2022; Estimativa IBGE 2024)"
2011,11,2011-11-01,239682,"Interpolação linear (âncoras: Censos 1991, 2000, 2010, 2022; Estimativa IBGE 2024)"
2011,12,2011-12-01,240191,"Interpolação linear (âncoras: Censos 1991, 2000, 2010, 2022; Estimativa IBGE 2024)"
2012,1,2012-01-01,240717,"Interpolação linear (âncoras: Censos 1991, 2000, 2010, 2022; Estimativa IBGE 2024)"
2012,2,2012-02-01,241243,"Interpolação linear (âncoras: Censos 1991, 2000, 2010, 2022; Estimativa IBGE 2024)"
2012,3,2012-03-01,241735,"Interpolação linear (âncoras: Censos 1991, 2000, 2010, 2022; Estimativa IBGE 2024)"
2012,4,2012-04-01,242261,"Interpolação linear (âncoras: Censos 1991, 2000, 2010, 2022; Estimativa IBGE 2024)"
2012,5,2012-05-01,242770,"Interpolação linear (âncoras: Censos 1991, 2000, 2010, 2022; Estimativa IBGE 2024)"
2012,6,2012-06-01,243296,"Interpolação linear (âncoras: Censos 1991, 2000, 2010, 2022; Estimativa IBGE 2024)"
2012,7,2012-07-01,243805,"Interpolação linear (âncoras: Censos 1991, 2000, 2010, 2022; Estimativa IBGE 2024)"
2012,8,2012-08-01,244331,"Interpolação linear (âncoras: Censos 1991, 2000, 2010, 2022; Estimativa IBGE 2024)"
2012,9,2012-09-01,244856,"Interpolação linear (âncoras: Censos 1991, 2000, 2010, 2022; Estimativa IBGE 2024)"
2012,10,2012-10-01,245365,"Interpolação linear (âncoras: Censos 1991, 2000, 2010, 2022; Estimativa IBGE 2024)"
2012,11,2012-11-01,245891,"Interpolação linear (âncoras: Censos 1991, 2000, 2010, 2022; Estimativa IBGE 2024)"
2012,12,2012-12-01,246400,"Interpolação linear (âncoras: Censos 1991, 2000, 2010, 2022; Estimativa IBGE 2024)"
2013,1,2013-01-01,246926,"Interpolação linear (âncoras: Censos 1991, 2000, 2010, 2022; Estimativa IBGE 2024)"
2013,2,2013-02-01,247452,"Interpolação linear (âncoras: Censos 1991, 2000, 2010, 2022; Estimativa IBGE 2024)"
2013,3,2013-03-01,247927,"Interpolação linear (âncoras: Censos 1991, 2000, 2010, 2022; Estimativa IBGE 2024)"
2013,4,2013-04-01,248453,"Interpolação linear (âncoras: Censos 1991, 2000, 2010, 2022; Estimativa IBGE 2024)"
2013,5,2013-05-01,248962,"Interpolação linear (âncoras: Censos 1991, 2000, 2010, 2022; Estimativa IBGE 2024)"
2013,6,2013-06-01,249488,"Interpolação linear (âncoras: Censos 1991, 2000, 2010, 2022; Estimativa IBGE 2024)"
2013,7,2013-07-01,249997,"Interpolação linear (âncoras: Censos 1991, 2000, 2010, 2022; Estimativa IBGE 2024)"
2013,8,2013-08-01,250523,"Interpolação linear (âncoras: Censos 1991, 2000, 2010, 2022; Estimativa IBGE 2024)"
2013,9,2013-09-01,251049,"Interpolação linear (âncoras: Censos 1991, 2000, 2010, 2022; Estimativa IBGE 2024)"
2013,10,2013-10-01,251558,"Interpolação linear (âncoras: Censos 1991, 2000, 2010, 2022; Estimativa IBGE 2024)"
2013,11,2013-11-01,252084,"Interpolação linear (âncoras: Censos 1991, 2000, 2010, 2022; Estimativa IBGE 2024)"
2013,12,2013-12-01,252593,"Interpolação linear (âncoras: Censos 1991, 2000, 2010, 2022; Estimativa IBGE 2024)"
2014,1,2014-01-01,253119,"Interpolação linear (âncoras: Censos 1991, 2000, 2010, 2022; Estimativa IBGE 2024)"
2014,2,2014-02-01,253645,"Interpolação linear (âncoras: Censos 1991, 2000, 2010, 2022; Estimativa IBGE 2024)"
2014,3,2014-03-01,254120,"Interpolação linear (âncoras: Censos 1991, 2000, 2010, 2022; Estimativa IBGE 2024)"
2014,4,2014-04-01,254646,"Interpolação linear (âncoras: Censos 1991, 2000, 2010, 2022; Estimativa IBGE 2024)"
2014,5,2014-05-01,255155,"Interpolação linear (âncoras: Censos 1991, 2000, 2010, 2022; Estimativa IBGE 2024)"
2014,6,2014-06-01,255680,"Interpolação linear (âncoras: Censos 1991, 2000, 2010, 2022; Estimativa IBGE 2024)"
2014,7,2014-07-01,256189,"Interpolação linear (âncoras: Censos 1991, 2000, 2010, 2022; Estimativa IBGE 2024)"
2014,8,2014-08-01,256715,"Interpolação linear (âncoras: Censos 1991, 2000, 2010, 2022; Estimativa IBGE 2024)"
2014,9,2014-09-01,257241,"Interpolação linear (âncoras: Censos 1991, 2000, 2010, 2022; Estimativa IBGE 2024)"
2014,10,2014-10-01,257750,"Interpolação linear (âncoras: Censos 1991, 2000, 2010, 2022; Estimativa IBGE 2024)"
2014,11,2014-11-01,258276,"Interpolação linear (âncoras: Censos 1991, 2000, 2010, 2022; Estimativa IBGE 2024)"
2014,12,2014-12-01,258785,"Interpolação linear (âncoras: Censos 1991, 2000, 2010, 2022; Estimativa IBGE 2024)"
2015,1,2015-01-01,259311,"Interpolação linear (âncoras: Censos 1991, 2000, 2010, 2022; Estimativa IBGE 2024)"
2015,2,2015-02-01,259837,"Interpolação linear (âncoras: Censos 1991, 2000, 2010, 2022; Estimativa IBGE 2024)"
2015,3,2015-03-01,260312,"Interpolação linear (âncoras: Censos 1991, 2000, 2010, 2022; Estimativa IBGE 2024)"
2015,4,2015-04-01,260838,"Interpolação linear (âncoras: Censos 1991, 2000, 2010, 2022; Estimativa IBGE 2024)"
2015,5,2015-05-01,261347,"Interpolação linear (âncoras: Censos 1991, 2000, 2010, 2022; Estimativa IBGE 2024)"
2015,6,2015-06-01,261873,"Interpolação linear (âncoras: Censos 1991, 2000, 2010, 2022; Estimativa IBGE 2024)"
2015,7,2015-07-01,262382,"Interpolação linear (âncoras: Censos 1991, 2000, 2010, 2022; Estimativa IBGE 2024)"
2015,8,2015-08-01,262908,"Interpolação linear (âncoras: Censos 1991, 2000, 2010, 2022; Estimativa IBGE 2024)"
2015,9,2015-09-01,263434,"Interpolação linear (âncoras: Censos 1991, 2000, 2010, 2022; Estimativa IBGE 2024)"
2015,10,2015-10-01,263943,"Interpolação linear (âncoras: Censos 1991, 2000, 2010, 2022; Estimativa IBGE 2024)"
2015,11,2015-11-01,264469,"Interpolação linear (âncoras: Censos 1991, 2000, 2010, 2022; Estimativa IBGE 2024)"
2015,12,2015-12-01,264978,"Interpolação linear (âncoras: Censos 1991, 2000, 2010, 2022; Estimativa IBGE 2024)"
2016,1,2016-01-01,265504,"Interpolação linear (âncoras: Censos 1991, 2000, 2010, 2022; Estimativa IBGE 2024)"
2016,2,2016-02-01,266029,"Interpolação linear (âncoras: Censos 1991, 2000, 2010, 2022; Estimativa IBGE 2024)"
2016,3,2016-03-01,266521,"Interpolação linear (âncoras: Censos 1991, 2000, 2010, 2022; Estimativa IBGE 2024)"
2016,4,2016-04-01,267047,"Interpolação linear (âncoras: Censos 1991, 2000, 2010, 2022; Estimativa IBGE 2024)"
2016,5,2016-05-01,267556,"Interpolação linear (âncoras: Censos 1991, 2000, 2010, 2022; Estimativa IBGE 2024)"
2016,6,2016-06-01,268082,"Interpolação linear (âncoras: Censos 1991, 2000, 2010, 2022; Estimativa IBGE 2024)"
2016,7,2016-07-01,268591,"Interpolação linear (âncoras: Censos 1991, 2000, 2010, 2022; Estimativa IBGE 2024)"
2016,8,2016-08-01,269117,"Interpolação linear (âncoras: Censos 1991, 2000, 2010, 2022; Estimativa IBGE 2024)"
2016,9,2016-09-01,269643,"Interpolação linear (âncoras: Censos 1991, 2000, 2010, 2022; Estimativa IBGE 2024)"
2016,10,2016-10-01,270152,"Interpolação linear (âncoras: Censos 1991, 2000, 2010, 2022; Estimativa IBGE 2024)"
2016,11,2016-11-01,270678,"Interpolação linear (âncoras: Censos 1991, 2000, 2010, 2022; Estimativa IBGE 2024)"
2016,12,2016-12-01,271187,"Interpolação linear (âncoras: Censos 1991, 2000, 2010, 2022; Estimativa IBGE 2024)"
2017,1,2017-01-01,271713,"Interpolação linear (âncoras: Censos 1991, 2000, 2010, 2022; Estimativa IBGE 2024)"
2017,2,2017-02-01,272239,"Interpolação linear (âncoras: Censos 1991, 2000, 2010, 2022; Estimativa IBGE 2024)"
2017,3,2017-03-01,272714,"Interpolação linear (âncoras: Censos 1991, 2000, 2010, 2022; Estimativa IBGE 2024)"
2017,4,2017-04-01,273240,"Interpolação linear (âncoras: Censos 1991, 2000, 2010, 2022; Estimativa IBGE 2024)"
2017,5,2017-05-01,273749,"Interpolação linear (âncoras: Censos 1991, 2000, 2010, 2022; Estimativa IBGE 2024)"
2017,6,2017-06-01,274275,"Interpolação linear (âncoras: Censos 1991, 2000, 2010, 2022; Estimativa IBGE 2024)"
2017,7,2017-07-01,274784,"Interpolação linear (âncoras: Censos 1991, 2000, 2010, 2022; Estimativa IBGE 2024)"
2017,8,2017-08-01,275310,"Interpolação linear (âncoras: Censos 1991, 2000, 2010, 2022; Estimativa IBGE 2024)"
2017,9,2017-09-01,275836,"Interpolação linear (âncoras: Censos 1991, 2000, 2010, 2022; Estimativa IBGE 2024)"
2017,10,2017-10-01,276345,"Interpolação linear (âncoras: Censos 1991, 2000, 2010, 2022; Estimativa IBGE 2024)"
2017,11,2017-11-01,276870,"Interpolação linear (âncoras: Censos 1991, 2000, 2010, 2022; Estimativa IBGE 2024)"
2017,12,2017-12-01,277379,"Interpolação linear (âncoras: Censos 1991, 2000, 2010, 2022; Estimativa IBGE 2024)"
2018,1,2018-01-01,277905,"Interpolação linear (âncoras: Censos 1991, 2000, 2010, 2022; Estimativa IBGE 2024)"
2018,2,2018-02-01,278431,"Interpolação linear (âncoras: Censos 1991, 2000, 2010, 2022; Estimativa IBGE 2024)"
2018,3,2018-03-01,278906,"Interpolação linear (âncoras: Censos 1991, 2000, 2010, 2022; Estimativa IBGE 2024)"
2018,4,2018-04-01,279432,"Interpolação linear (âncoras: Censos 1991, 2000, 2010, 2022; Estimativa IBGE 2024)"
2018,5,2018-05-01,279941,"Interpolação linear (âncoras: Censos 1991, 2000, 2010, 2022; Estimativa IBGE 2024)"
2018,6,2018-06-01,280467,"Interpolação linear (âncoras: Censos 1991, 2000, 2010, 2022; Estimativa IBGE 2024)"
2018,7,2018-07-01,280976,"Interpolação linear (âncoras: Censos 1991, 2000, 2010, 2022; Estimativa IBGE 2024)"
2018,8,2018-08-01,281502,"Interpolação linear (âncoras: Censos 1991, 2000, 2010, 2022; Estimativa IBGE 2024)"
2018,9,2018-09-01,282028,"Interpolação linear (âncoras: Censos 1991, 2000, 2010, 2022; Estimativa IBGE 2024)"
2018,10,2018-10-01,282537,"Interpolação linear (âncoras: Censos 1991, 2000, 2010, 2022; Estimativa IBGE 2024)"
2018,11,2018-11-01,283063,"Interpolação linear (âncoras: Censos 1991, 2000, 2010, 2022; Estimativa IBGE 2024)"
2018,12,2018-12-01,283572,"Interpolação linear (âncoras: Censos 1991, 2000, 2010, 2022; Estimativa IBGE 2024)"
2019,1,2019-01-01,284098,"Interpolação linear (âncoras: Censos 1991, 2000, 2010, 2022; Estimativa IBGE 2024)"
2019,2,2019-02-01,284624,"Interpolação linear (âncoras: Censos 1991, 2000, 2010, 2022; Estimativa IBGE 2024)"
2019,3,2019-03-01,285099,"Interpolação linear (âncoras: Censos 1991, 2000, 2010, 2022; Estimativa IBGE 2024)"
2019,4,2019-04-01,285625,"Interpolação linear (âncoras: Censos 1991, 2000, 2010, 2022; Estimativa IBGE 2024)"
2019,5,2019-05-01,286134,"Interpolação linear (âncoras: Censos 1991, 2000, 2010, 2022; Estimativa IBGE 2024)"
2019,6,2019-06-01,286660,"Interpolação linear (âncoras: Censos 1991, 2000, 2010, 2022; Estimativa IBGE 2024)"
2019,7,2019-07-01,287169,"Interpolação linear (âncoras: Censos 1991, 2000, 2010, 2022; Estimativa IBGE 2024)"
2019,8,2019-08-01,287694,"Interpolação linear (âncoras: Censos 1991, 2000, 2010, 2022; Estimativa IBGE 2024)"
2019,9,2019-09-01,288220,"Interpolação linear (âncoras: Censos 1991, 2000, 2010, 2022; Estimativa IBGE 2024)"
2019,10,2019-10-01,288729,"Interpolação linear (âncoras: Censos 1991, 2000, 2010, 2022; Estimativa IBGE 2024)"
2019,11,2019-11-01,289255,"Interpolação linear (âncoras: Censos 1991, 2000, 2010, 2022; Estimativa IBGE 2024)"
2019,12,2019-12-01,289764,"Interpolação linear (âncoras: Censos 1991, 2000, 2010, 2022; Estimativa IBGE 2024)"
2020,1,2020-01-01,290290,"Interpolação linear (âncoras: Censos 1991, 2000, 2010, 2022; Estimativa IBGE 2024)"
2020,2,2020-02-01,290816,"Interpolação linear (âncoras: Censos 1991, 2000, 2010, 2022; Estimativa IBGE 2024)"
2020,3,2020-03-01,291308,"Interpolação linear (âncoras: Censos 1991, 2000, 2010, 2022; Estimativa IBGE 2024)"
2020,4,2020-04-01,291834,"Interpolação linear (âncoras: Censos 1991, 2000, 2010, 2022; Estimativa IBGE 2024)"
2020,5,2020-05-01,292343,"Interpolação linear (âncoras: Censos 1991, 2000, 2010, 2022; Estimativa IBGE 2024)"
2020,6,2020-06-01,292869,"Interpolação linear (âncoras: Censos 1991, 2000, 2010, 2022; Estimativa IBGE 2024)"
2020,7,2020-07-01,293378,"Interpolação linear (âncoras: Censos 1991, 2000, 2010, 2022; Estimativa IBGE 2024)"
2020,8,2020-08-01,293904,"Interpolação linear (âncoras: Censos 1991, 2000, 2010, 2022; Estimativa IBGE 2024)"
2020,9,2020-09-01,294430,"Interpolação linear (âncoras: Censos 1991, 2000, 2010, 2022; Estimativa IBGE 2024)"
2020,10,2020-10-01,294939,"Interpolação linear (âncoras: Censos 1991, 2000, 2010, 2022; Estimativa IBGE 2024)"
2020,11,2020-11-01,295465,"Interpolação linear (âncoras: Censos 1991, 2000, 2010, 2022; Estimativa IBGE 2024)"
2020,12,2020-12-01,295974,"Interpolação linear (âncoras: Censos 1991, 2000, 2010, 2022; Estimativa IBGE 2024)"
2021,1,2021-01-01,296500,"Interpolação linear (âncoras: Censos 1991, 2000, 2010, 2022; Estimativa IBGE 2024)"
2021,2,2021-02-01,297026,"Interpolação linear (âncoras: Censos 1991, 2000, 2010, 2022; Estimativa IBGE 2024)"
2021,3,2021-03-01,297501,"Interpolação linear (âncoras: Censos 1991, 2000, 2010, 2022; Estimativa IBGE 2024)"
2021,4,2021-04-01,298026,"Interpolação linear (âncoras: Censos 1991, 2000, 2010, 2022; Estimativa IBGE 2024)"
2021,5,2021-05-01,298535,"Interpolação linear (âncoras: Censos 1991, 2000, 2010, 2022; Estimativa IBGE 2024)"
2021,6,2021-06-01,299061,"Interpolação linear (âncoras: Censos 1991, 2000, 2010, 2022; Estimativa IBGE 2024)"
2021,7,2021-07-01,299570,"Interpolação linear (âncoras: Censos 1991, 2000, 2010, 2022; Estimativa IBGE 2024)"
2021,8,2021-08-01,300096,"Interpolação linear (âncoras: Censos 1991, 2000, 2010, 2022; Estimativa IBGE 2024)"
2021,9,2021-09-01,300622,"Interpolação linear (âncoras: Censos 1991, 2000, 2010, 2022; Estimativa IBGE 2024)"
2021,10,2021-10-01,301131,"Interpolação linear (âncoras: Censos 1991, 2000, 2010, 2022; Estimativa IBGE 2024)"
2021,11,2021-11-01,301657,"Interpolação linear (âncoras: Censos 1991, 2000, 2010, 2022; Estimativa IBGE 2024)"
2021,12,2021-12-01,302166,"Interpolação linear (âncoras: Censos 1991, 2000, 2010, 2022; Estimativa IBGE 2024)"
2022,1,2022-01-01,302692,"Interpolação linear (âncoras: Censos 1991, 2000, 2010, 2022; Estimativa IBGE 2024)"
2022,2,2022-02-01,303581,"Interpolação linear (âncoras: Censos 1991, 2000, 2010, 2022; Estimativa IBGE 2024)"
2022,3,2022-03-01,304384,"Interpolação linear (âncoras: Censos 1991, 2000, 2010, 2022; Estimativa IBGE 2024)"
2022,4,2022-04-01,305273,"Interpolação linear (âncoras: Censos 1991, 2000, 2010, 2022; Estimativa IBGE 2024)"
2022,5,2022-05-01,306133,"Interpolação linear (âncoras: Censos 1991, 2000, 2010, 2022; Estimativa IBGE 2024)"
2022,6,2022-06-01,307022,"Interpolação linear (âncoras: Censos 1991, 2000, 2010, 2022; Estimativa IBGE 2024)"
2022,7,2022-07-01,307882,"Interpolação linear (âncoras: Censos 1991, 2000, 2010, 2022; Estimativa IBGE 2024)"
2022,8,2022-08-01,308771,"Interpolação linear (âncoras: Censos 1991, 2000, 2010, 2022; Estimativa IBGE 2024)"
2022,9,2022-09-01,309660,"Interpolação linear (âncoras: Censos 1991, 2000, 2010, 2022; Estimativa IBGE 2024)"
2022,10,2022-10-01,310520,"Interpolação linear (âncoras: Censos 1991, 2000, 2010, 2022; Estimativa IBGE 2024)"
2022,11,2022-11-01,311409,"Interpolação linear (âncoras: Censos 1991, 2000, 2010, 2022; Estimativa IBGE 2024)"
2022,12,2022-12-01,312270,"Interpolação linear (âncoras: Censos 1991, 2000, 2010, 2022; Estimativa IBGE 2024)"
2023,1,2023-01-01,313158,"Interpolação linear (âncoras: Censos 1991, 2000, 2010, 2022; Estimativa IBGE 2024)"
2023,2,2023-02-01,314047,"Interpolação linear (âncoras: Censos 1991, 2000, 2010, 2022; Estimativa IBGE 2024)"
2023,3,2023-03-01,314850,"Interpolação linear (âncoras: Censos 1991, 2000, 2010, 2022; Estimativa IBGE 2024)"
2023,4,2023-04-01,315739,"Interpolação linear (âncoras: Censos 1991, 2000, 2010, 2022; Estimativa IBGE 2024)"
2023,5,2023-05-01,316600,"Interpolação linear (âncoras: Censos 1991, 2000, 2010, 2022; Estimativa IBGE 2024)"
2023,6,2023-06-01,317488,"Interpolação linear (âncoras: Censos 1991, 2000, 2010, 2022; Estimativa IBGE 2024)"
2023,7,2023-07-01,318349,"Interpolação linear (âncoras: Censos 1991, 2000, 2010, 2022; Estimativa IBGE 2024)"
2023,8,2023-08-01,319238,"Interpolação linear (âncoras: Censos 1991, 2000, 2010, 2022; Estimativa IBGE 2024)"
2023,9,2023-09-01,320127,"Interpolação linear (âncoras: Censos 1991, 2000, 2010, 2022; Estimativa IBGE 2024)"
2023,10,2023-10-01,320987,"Interpolação linear (âncoras: Censos 1991, 2000, 2010, 2022; Estimativa IBGE 2024)"
2023,11,2023-11-01,321876,"Interpolação linear (âncoras: Censos 1991, 2000, 2010, 2022; Estimativa IBGE 2024)"
2023,12,2023-12-01,322736,"Interpolação linear (âncoras: Censos 1991, 2000, 2010, 2022; Estimativa IBGE 2024)"
2024,1,2024-01-01,323625,"Interpolação linear (âncoras: Censos 1991, 2000, 2010, 2022; Estimativa IBGE 2024)"
2024,2,2024-02-01,324497,"Interpolação linear (âncoras: Censos 1991, 2000, 2010, 2022; Estimativa IBGE 2024)"
2024,3,2024-03-01,325369,"Interpolação linear (âncoras: Censos 1991, 2000, 2010, 2022; Estimativa IBGE 2024)"
2024,4,2024-04-01,326242,"Interpolação linear (âncoras: Censos 1991, 2000, 2010, 2022; Estimativa IBGE 2024)"
2024,5,2024-05-01,327114,"Interpolação linear (âncoras: Censos 1991, 2000, 2010, 2022; Estimativa IBGE 2024)"
2024,6,2024-06-01,327986,"Interpolação linear (âncoras: Censos 1991, 2000, 2010, 2022; Estimativa IBGE 2024)"
2024,7,2024-07-01,328858,"Interpolação linear (âncoras: Censos 1991, 2000, 2010, 2022; Estimativa IBGE 2024)"
2024,8,2024-08-01,329730,"Interpolação linear (âncoras: Censos 1991, 2000, 2010, 2022; Estimativa IBGE 2024)"
2024,9,2024-09-01,330603,"Interpolação linear (âncoras: Censos 1991, 2000, 2010, 2022; Estimativa IBGE 2024)"
2024,10,2024-10-01,331475,"Interpolação linear (âncoras: Censos 1991, 2000, 2010, 2022; Estimativa IBGE 2024)"
2024,11,2024-11-01,332347,"Interpolação linear (âncoras: Censos 1991, 2000, 2010, 2022; Estimativa IBGE 2024)"
2024,12,2024-12-01,333219,"Interpolação linear (âncoras: Censos 1991, 2000, 2010, 2022; Estimativa IBGE 2024)"
2025,1,2025-01-01,334092,"Interpolação linear (âncoras: Censos 1991, 2000, 2010, 2022; Estimativa IBGE 2024)"
2025,2,2025-02-01,334964,"Interpolação linear (âncoras: Censos 1991, 2000, 2010, 2022; Estimativa IBGE 2024)"
2025,3,2025-03-01,335836,"Interpolação linear (âncoras: Censos 1991, 2000, 2010, 2022; Estimativa IBGE 2024)"
2025,4,2025-04-01,336708,"Interpolação linear (âncoras: Censos 1991, 2000, 2010, 2022; Estimativa IBGE 2024)"
2025,5,2025-05-01,337580,"Interpolação linear (âncoras: Censos 1991, 2000, 2010, 2022; Estimativa IBGE 2024)"
2025,6,2025-06-01,338453,"Interpolação linear (âncoras: Censos 1991, 2000, 2010, 2022; Estimativa IBGE 2024)"
2025,7,2025-07-01,339325,"Interpolação linear (âncoras: Censos 1991, 2000, 2010, 2022; Estimativa IBGE 2024)"
2025,8,2025-08-01,340197,"Interpolação linear (âncoras: Censos 1991, 2000, 2010, 2022; Estimativa IBGE 2024)"
2025,9,2025-09-01,341069,"Interpolação linear (âncoras: Censos 1991, 2000, 2010, 2022; Estimativa IBGE 2024)"
2025,10,2025-10-01,341941,"Interpolação linear (âncoras: Censos 1991, 2000, 2010, 2022; Estimativa IBGE 2024)"
2025,11,2025-11-01,342814,"Interpolação linear (âncoras: Censos 1991, 2000, 2010, 2022; Estimativa IBGE 2024)"
2025,12,2025-12-01,343686,"Interpolação linear (âncoras: Censos 1991, 2000, 2010, 2022; Estimativa IBGE 2024)"
