ano,mes,temp_media_mes,populacao_estim,populacao_estim_lag1,delta_pop_abs,delta_pop_pct
1993,12,26.0,60803,,,
1994,1,25.7,61867,60803.0,1064.0,1.7499136555762054
1994,5,26.2,65985,61867.0,4118.0,6.6562141367772805
1994,6,25.3,67048,65985.0,1063.0,1.6109721906493901
1994,7,24.5,68078,67048.0,1030.0,1.536212862426918
1994,8,24.5,69141,68078.0,1063.0,1.561444225741062
1994,9,27.7,70205,69141.0,1064.0,1.5388843088760649
1994,10,27.4,71234,70205.0,1029.0,1.4657075706858484
1994,11,26.5,72298,71234.0,1064.0,1.4936687536850382
1995,1,25.6,74391,72298.0,2093.0,2.8949625162521784
1995,2,25.5,75455,74391.0,1064.0,1.430280544689546
1995,3,25.7,76415,75455.0,960.0,1.2722814922801668
1995,4,25.7,77479,76415.0,1064.0,1.3923967807367663
1995,5,25.8,78508,77479.0,1029.0,1.328101808231908
1995,6,24.0,79572,78508.0,1064.0,1.3552758954501452
1995,7,24.1,80602,79572.0,1030.0,1.2944251746845623
1995,8,25.0,81665,80602.0,1063.0,1.3188258355872062
1995,9,27.6,82729,81665.0,1064.0,1.3028837323210678
1995,10,26.9,83758,82729.0,1029.0,1.2438201839741807
1995,11,26.2,84822,83758.0,1064.0,1.2703264165811028
1995,12,26.0,85851,84822.0,1029.0,1.2131286694489638
1996,1,25.6,86915,85851.0,1064.0,1.2393565596207383
1996,2,25.8,87979,86915.0,1064.0,1.2241845481217282
1996,3,25.9,88974,87979.0,995.0,1.1309517043840007
1996,4,25.9,90037,88974.0,1063.0,1.194731045024389
1996,5,25.6,91067,90037.0,1030.0,1.1439741439630373
1996,6,24.2,92130,91067.0,1063.0,1.167272447758244
1996,7,23.3,93160,92130.0,1030.0,1.117985455334853
1996,8,26.1,94223,93160.0,1063.0,1.1410476599398884
1996,9,27.8,95287,94223.0,1064.0,1.129235961495601
1996,10,26.7,96316,95287.0,1029.0,1.0798954736742683
1996,11,26.5,97380,96316.0,1064.0,1.1046970389135762
1996,12,26.3,98410,97380.0,1030.0,1.057712055863627
1997,1,25.6,99473,98410.0,1063.0,1.0801747789858753
1997,2,25.7,100537,99473.0,1064.0,1.069636986921074
1997,3,25.3,101498,100537.0,961.0,0.9558669942409262
1997,4,25.9,102561,101498.0,1063.0,1.0473112770694988
1997,5,25.4,103591,102561.0,1030.0,1.0042803794814794
1997,6,24.3,104654,103591.0,1063.0,1.026150920446757
1997,7,23.8,105684,104654.0,1030.0,0.9841955395875934
1997,8,25.6,106747,105684.0,1063.0,1.0058286968699142
1997,9,27.4,107811,106747.0,1064.0,0.9967493231659905
1997,10,27.5,108840,107811.0,1029.0,0.9544480618860784
1997,11,27.3,109904,108840.0,1064.0,0.9775817714075707
1997,12,26.2,110933,109904.0,1029.0,0.9362716552627748
1998,1,26.5,111997,110933.0,1064.0,0.9591374974083456
1998,2,27.2,113061,111997.0,1064.0,0.9500254471101903
1998,3,26.6,114022,113061.0,961.0,0.8499836371516261
1998,4,27.7,115085,114022.0,1063.0,0.9322762273947133
1998,5,26.4,116115,115085.0,1030.0,0.8949906590780727
1998,6,25.1,117178,116115.0,1063.0,0.9154717306118934
1998,7,25.2,118208,117178.0,1030.0,0.8790045913055352
1998,8,27.5,119271,118208.0,1063.0,0.8992623172712507
1998,9,29.0,120335,119271.0,1064.0,0.8920860896613595
1998,10,27.7,121364,120335.0,1029.0,0.8551128100718828
1998,11,26.2,122428,121364.0,1064.0,0.8767014930292343
1998,12,26.3,123457,122428.0,1029.0,0.8404940046394616
1999,1,25.8,124521,123457.0,1064.0,0.8618385348744907
1999,2,25.5,125585,124521.0,1064.0,0.8544743456926944
1999,3,25.7,126545,125585.0,960.0,0.7644225026874228
1999,4,26.3,127609,126545.0,1064.0,0.8408076178434549
1999,5,25.8,128639,127609.0,1030.0,0.8071531004866428
1999,6,24.9,129702,128639.0,1063.0,0.8263434883666696
1999,7,24.0,130732,129702.0,1030.0,0.7941280782100508
1999,8,26.1,131795,130732.0,1063.0,0.8131138512376466
1999,10,27.6,133888,131795.0,2093.0,1.5880723851435943
1999,11,26.0,134952,133888.0,1064.0,0.7946940726577438
1999,12,25.8,135981,134952.0,1029.0,0.7624933309621199
2000,1,25.7,137045,135981.0,1064.0,0.7824622557563188
2000,2,25.0,137820,137045.0,775.0,0.5655076799591375
2000,3,25.7,138544,137820.0,724.0,0.5253228849223625
2000,4,25.9,139319,138544.0,775.0,0.559389074950918
2000,5,26.7,140069,139319.0,750.0,0.5383328907040676
2000,6,26.7,140843,140069.0,774.0,0.5525847974926643
2000,7,26.6,141593,140843.0,750.0,0.5325078278650696
2000,8,28.4,142368,141593.0,775.0,0.5473434421193137
2000,9,28.0,143142,142368.0,774.0,0.5436614969656102
2000,10,27.4,143892,143142.0,750.0,0.5239552332648698
2000,11,26.4,144667,143892.0,775.0,0.538598393239374
2000,12,25.7,145417,144667.0,750.0,0.5184319851797576
2001,1,25.8,146191,145417.0,774.0,0.532262390229478
2001,2,25.6,146966,146191.0,775.0,0.5301283936767653
2001,3,25.5,147666,146966.0,700.0,0.4763006409645768
2001,4,26.3,148440,147666.0,774.0,0.5241558652635
2001,5,27.0,149190,148440.0,750.0,0.5052546483427648
2001,6,26.4,149965,149190.0,775.0,0.5194718144647764
2001,7,26.9,150714,149965.0,749.0,0.4994498716367152
2001,8,27.7,151489,150714.0,775.0,0.514218984301392
2001,9,28.4,152264,151489.0,775.0,0.5115883001406043
2001,10,26.0,153013,152264.0,749.0,0.4919087899963222
2001,11,26.0,153788,153013.0,775.0,0.5064929123669231
2001,12,26.0,154538,153788.0,750.0,0.4876843446822899
2002,1,25.4,155312,154538.0,774.0,0.500847687947301
2002,2,26.9,156087,155312.0,775.0,0.4989955702070671
2002,3,26.3,156787,156087.0,700.0,0.44846784165241177
2002,4,26.8,157561,156787.0,774.0,0.4936633777035086
2002,5,26.9,158311,157561.0,750.0,0.47600611826530675
2002,6,26.5,159086,158311.0,775.0,0.4895427355016392
2002,7,27.4,159836,159086.0,750.0,0.4714431188162378
2002,8,28.5,160610,159836.0,774.0,0.4842463525113241
2002,9,28.5,161385,160610.0,775.0,0.4825353340389764
2002,10,27.6,162135,161385.0,750.0,0.4647272051305883
2002,11,27.5,162909,162135.0,774.0,0.4773799611434915
2002,12,26.2,163659,162909.0,750.0,0.46037972119404086
2003,1,26.6,164434,163659.0,775.0,0.4735456039692287
2003,2,26.4,165208,164434.0,774.0,0.47070557184037365
2003,3,25.7,165908,165208.0,700.0,0.4237082949978209
2003,4,26.8,166683,165908.0,775.0,0.4671263591870193
2003,5,26.7,167432,166683.0,749.0,0.44935596311561465
2003,6,26.0,168207,167432.0,775.0,0.4628744803860672
2003,7,26.1,168957,168207.0,750.0,0.4458791845761472
2003,8,27.9,169731,168957.0,774.0,0.45810472487082515
2003,9,29.3,170506,169731.0,775.0,0.45660486298908276
2003,10,27.5,171256,170506.0,750.0,0.4398672187489004
2003,11,26.3,172030,171256.0,774.0,0.45195496800112117
2003,12,26.5,172780,172030.0,750.0,0.43597047026681396
2004,1,25.7,173555,172780.0,775.0,0.448547285565459
2004,2,25.7,174329,173555.0,774.0,0.44596813690184667
2004,3,26.0,175054,174329.0,725.0,0.41588031824882843
2004,4,26.7,175829,175054.0,775.0,0.44272053195014105
2004,5,27.5,176579,175829.0,750.0,0.4265507965125207
2004,6,26.4,177353,176579.0,774.0,0.43833071882839975
2004,7,26.5,178103,177353.0,750.0,0.4228854318787954
2004,8,28.0,178878,178103.0,775.0,0.43514146308596713
2004,9,29.7,179652,178878.0,774.0,0.432697145540536
2004,10,27.4,180402,179652.0,750.0,0.4174737826464498
2004,11,27.2,181177,180402.0,775.0,0.42959612421148324
2004,12,26.7,181926,181177.0,749.0,0.41340788289904346
2005,1,26.7,182701,181926.0,775.0,0.4259973835515539
2005,2,26.9,183476,182701.0,775.0,0.42419034378574827
2005,3,26.1,184175,183476.0,699.0,0.38097625847522293
2005,4,27.4,184950,184175.0,775.0,0.4207954391204018
2005,5,26.7,185700,184950.0,750.0,0.40551500405515
2005,6,26.9,186474,185700.0,774.0,0.4168012924071082
2005,7,26.3,187224,186474.0,750.0,0.40220084301296694
2005,8,28.6,187999,187224.0,775.0,0.4139426569243259
2005,9,29.7,188773,187999.0,774.0,0.4117043175761574
2005,10,28.4,189523,188773.0,750.0,0.3973025803478252
2005,11,27.3,190298,189523.0,775.0,0.4089213446389093
2005,12,26.2,191048,190298.0,750.0,0.39411869804201827
2006,1,27.0,191822,191048.0,774.0,0.4051337883673213
2006,2,25.9,192597,191822.0,775.0,0.4040203939068511
2006,3,26.1,193297,192597.0,700.0,0.36345322097436616
2006,4,25.6,194071,193297.0,774.0,0.4004200789458709
2006,5,26.1,194821,194071.0,750.0,0.38645650303239537
2006,6,25.8,195596,194821.0,775.0,0.3978010584074612
2006,7,26.2,196345,195596.0,749.0,0.38293216630196936
2006,8,28.3,197120,196345.0,775.0,0.3947133871501693
2006,9,28.7,197895,197120.0,775.0,0.393161525974026
2006,10,27.7,198644,197895.0,749.0,0.3784835392506127
2006,11,27.1,199419,198644.0,775.0,0.39014518434989226
2006,12,27.0,200169,199419.0,750.0,0.3760925488544221
2007,1,26.7,200943,200169.0,774.0,0.3866732610943753
2007,2,25.1,201718,200943.0,775.0,0.38568151167246434
2007,3,27.0,202418,201718.0,700.0,0.3470191058804866
2007,4,26.9,203192,202418.0,774.0,0.382377061328538
2007,5,27.5,203942,203192.0,750.0,0.36910902004015905
2007,6,26.8,204717,203942.0,775.0,0.3800100028439458
2007,7,27.4,205467,204717.0,750.0,0.36635941323876375
2007,8,28.8,206241,205467.0,774.0,0.3767028281913884
2007,9,29.8,207016,206241.0,775.0,0.375773973167314
2007,10,28.9,207766,207016.0,750.0,0.36229083742319435
2007,11,27.3,208540,207766.0,774.0,0.37253448591203564
2007,12,27.0,209290,208540.0,750.0,0.3596432339119593
2008,1,26.1,210065,209290.0,775.0,0.37029958430885374
2008,2,25.6,210839,210065.0,774.0,0.36845738223883084
2008,3,25.4,211564,210839.0,725.0,0.34386427558468785
2008,4,26.4,212339,211564.0,775.0,0.36631941162012444
2008,5,26.8,213088,212339.0,749.0,0.3527378390215646
2008,6,26.3,213863,213088.0,775.0,0.36369950443009463
2008,7,26.5,214613,213863.0,750.0,0.35069179802022793
2008,8,28.7,215387,214613.0,774.0,0.360649168503306
2008,9,30.2,216162,215387.0,775.0,0.3598174448782888
2008,10,29.8,216912,216162.0,750.0,0.346962000721681
2008,11,26.9,217686,216912.0,774.0,0.3568267315777827
2008,12,26.2,218436,217686.0,750.0,0.3445329511314462
2009,1,26.9,219211,218436.0,775.0,0.35479499716164
2009,2,25.8,219985,219211.0,774.0,0.3530844711259928
2009,3,26.4,220685,219985.0,700.0,0.3182035138759461
2009,4,26.2,221460,220685.0,775.0,0.3511792826879942
2009,5,25.8,222210,221460.0,750.0,0.33866160931996747
2009,6,26.6,222984,222210.0,774.0,0.34831915755366544
2009,7,27.0,223734,222984.0,750.0,0.3363470024755139
2009,8,28.8,224509,223734.0,775.0,0.3463934851207237
2009,9,29.0,225283,224509.0,774.0,0.34475232618736884
2009,10,26.8,226033,225283.0,750.0,0.3329146007466165
2009,11,27.2,226808,226033.0,775.0,0.34287028885162785
2009,12,26.4,227557,226808.0,749.0,0.33023526507001516
2010,1,26.7,228332,227557.0,775.0,0.34057401002825666
2010,2,27.5,228858,228332.0,526.0,0.23036630870837202
2010,3,27.1,229333,228858.0,475.0,0.2075522813272859
2010,4,28.1,229859,229333.0,526.0,0.22936079848953267
2010,5,28.3,230368,229859.0,509.0,0.22144010023536168
2010,6,27.6,230894,230368.0,526.0,0.22833032365606334
2010,7,28.0,231403,230894.0,509.0,0.22044747806352702
2010,8,28.8,231929,231403.0,526.0,0.22730906686603025
2010,9,30.9,232455,231929.0,526.0,0.22679354457614181
2010,10,28.3,232964,232455.0,509.0,0.21896711191413393
2010,11,27.0,233490,232964.0,526.0,0.22578595834549545
2010,12,26.6,233998,233490.0,508.0,0.21756820420574755
2011,1,25.5,234524,233998.0,526.0,0.22478824605338507
2011,2,25.2,235050,234524.0,526.0,0.22428408179973053
2011,3,25.9,235525,235050.0,475.0,0.2020846628376941
2011,4,26.5,236051,235525.0,526.0,0.22333085659696425
2011,5,27.1,236560,236051.0,509.0,0.21563136779763695
2011,6,27.0,237086,236560.0,526.0,0.22235373689550222
2011,7,27.0,237595,237086.0,509.0,0.21469002809107246
2011,8,29.3,238121,237595.0,526.0,0.22138513015846295
2011,9,30.4,238647,238121.0,526.0,0.22089609904208363
2011,10,27.5,239156,238647.0,509.0,0.21328573164548478
2011,11,25.9,239682,239156.0,526.0,0.21994012276505712
2011,12,26.4,240191,239682.0,509.0,0.21236471658280553
2012,1,24.9,240717,240191.0,526.0,0.218992385226757
2012,2,25.4,241243,240717.0,526.0,0.21851385652031222
2012,3,26.1,241735,241243.0,492.0,0.2039437413728067
2012,4,27.1,242261,241735.0,526.0,0.21759364593459782
2012,5,26.9,242770,242261.0,509.0,0.21010397876670203
2012,6,27.2,243296,242770.0,526.0,0.21666598014581703
2012,7,27.1,243805,243296.0,509.0,0.20921018019202947
2012,8,28.2,244331,243805.0,526.0,0.21574619060314598
2012,9,30.2,244856,244331.0,525.0,0.21487244762228289
2012,10,29.5,245365,244856.0,509.0,0.20787728297448296
2012,11,27.0,245891,245365.0,526.0,0.2143745032910154
2012,12,27.0,246400,245891.0,509.0,0.2070022896323981
2013,1,26.2,246926,246400.0,526.0,0.21347402597402595
2013,2,26.5,247452,246926.0,526.0,0.213019285129958
2013,3,26.5,247927,247452.0,475.0,0.19195641983091669
2013,4,27.1,248453,247927.0,526.0,0.21215922428779438
2013,5,27.5,248962,248453.0,509.0,0.20486772146039692
2013,6,27.5,249488,248962.0,526.0,0.21127722303002067
2013,7,28.2,249997,249488.0,509.0,0.2040178285127942
2013,8,29.2,250523,249997.0,526.0,0.21040252483029795
2013,9,30.4,251049,250523.0,526.0,0.20996076208571668
2013,10,28.5,251558,251049.0,509.0,0.2027492640878872
2013,11,26.7,252084,251558.0,526.0,0.20909690806891454
2013,12,25.8,252593,252084.0,509.0,0.2019168213770013
2014,1,25.7,253119,252593.0,526.0,0.20824013333702834
2014,2,25.4,253645,253119.0,526.0,0.2078073949407196
2014,3,26.2,254120,253645.0,475.0,0.18726960909933174
2014,4,26.7,254646,254120.0,526.0,0.2069888241775539
2014,5,27.5,255155,254646.0,509.0,0.19988533100853734
2014,6,27.2,255680,255155.0,525.0,0.20575728478767807
2014,7,27.7,256189,255680.0,509.0,0.19907697121401752
2014,8,28.9,256715,256189.0,526.0,0.20531716818442633
2014,9,29.4,257241,256715.0,526.0,0.20489648053288664
2014,10,28.5,257750,257241.0,509.0,0.19786892447160442
2014,11,27.3,258276,257750.0,526.0,0.2040737148399612
2014,12,26.6,258785,258276.0,509.0,0.19707599622109678
2015,1,26.5,259311,258785.0,526.0,0.20325753038236372
2015,2,26.0,259837,259311.0,526.0,0.20284523217295064
2015,3,26.4,260312,259837.0,475.0,0.1828069135650427
2015,4,26.4,260838,260312.0,526.0,0.20206521405083133
2015,5,27.5,261347,260838.0,509.0,0.19514027864038214
2015,6,27.8,261873,261347.0,526.0,0.20126498486686284
2015,7,28.1,262382,261873.0,509.0,0.19436902620736005
2015,8,29.2,262908,262382.0,526.0,0.20047106889954344
2015,9,30.4,263434,262908.0,526.0,0.20006998645914162
2015,10,29.9,263943,263434.0,509.0,0.1932172764335659
2015,11,27.9,264469,263943.0,526.0,0.19928545178315016
2015,12,27.9,264978,264469.0,509.0,0.19246112020690515
2016,1,26.3,265504,264978.0,526.0,0.19850704586795884
2016,2,29.5,266029,265504.0,525.0,0.19773713390382067
2016,3,27.6,266521,266029.0,492.0,0.18494224313890592
2016,4,28.5,267047,266521.0,526.0,0.19735780670191092
2016,5,28.8,267556,267047.0,509.0,0.19060315225409757
2016,6,28.2,268082,267556.0,526.0,0.1965943578166814
2016,7,28.3,268591,268082.0,509.0,0.18986727941450748
2016,8,30.1,269117,268591.0,526.0,0.19583679274435853
2016,9,29.7,269643,269117.0,526.0,0.19545402185666455
2016,10,29.3,270152,269643.0,509.0,0.1887681119109341
2016,11,28.3,270678,270152.0,526.0,0.19470520299683142
2016,12,27.1,271187,270678.0,509.0,0.1880463133317078
2017,1,26.2,271713,271187.0,526.0,0.19396209995316885
2017,2,25.7,272239,271713.0,526.0,0.19358661528892618
2017,3,26.6,272714,272239.0,475.0,0.17447904231208608
2017,4,27.2,273240,272714.0,526.0,0.19287605330126065
2017,5,28.1,273749,273240.0,509.0,0.18628312106572978
2017,6,27.5,274275,273749.0,526.0,0.19214682062765526
2017,7,26.8,274784,274275.0,509.0,0.18558016589189683
2017,8,29.6,275310,274784.0,526.0,0.1914230814021195
2017,9,31.5,275836,275310.0,526.0,0.19105735352874942
2017,10,31.1,276345,275836.0,509.0,0.18452993807914847
2017,11,27.5,276870,276345.0,525.0,0.1899799164088368
2017,12,26.1,277379,276870.0,509.0,0.18384079170729947
2018,1,26.3,277905,277379.0,526.0,0.18963223603805623
2018,2,25.9,278431,277905.0,526.0,0.1892733128227272
2018,3,26.6,278906,278431.0,475.0,0.1705988198153223
2018,4,26.7,279432,278906.0,526.0,0.18859400658286304
2018,5,27.7,279941,279432.0,509.0,0.18215522917919208
2018,6,27.4,280467,279941.0,526.0,0.18789673538352725
2018,7,27.4,280976,280467.0,509.0,0.18148302652361953
2018,8,29.4,281502,280976.0,526.0,0.18720460110472067
2018,9,30.1,282028,281502.0,526.0,0.1868548003211345
2018,10,27.8,282537,282028.0,509.0,0.1804785340462649
2018,11,27.1,283063,282537.0,526.0,0.18617030689785763
2018,12,26.9,283572,283063.0,509.0,0.17981862694877113
2019,1,26.7,284098,283572.0,526.0,0.18549081009408547
2019,2,26.3,284624,284098.0,526.0,0.1851473787214271
2019,3,26.4,285099,284624.0,475.0,0.16688684018213504
2019,4,27.3,285625,285099.0,526.0,0.18449731496778313
2019,5,28.1,286134,285625.0,509.0,0.17820568927789934
2019,6,27.6,286660,286134.0,526.0,0.18382995379787093
2019,7,27.8,287169,286660.0,509.0,0.17756226888997417
2019,8,29.5,287694,287169.0,525.0,0.18281917616455814
2019,9,31.2,288220,287694.0,526.0,0.18283314910981807
2019,10,28.0,288729,288220.0,509.0,0.1766012074110055
2019,11,27.6,289255,288729.0,526.0,0.18217775145551712
2019,12,27.9,289764,289255.0,509.0,0.1759693004442447
2020,1,26.8,290290,289764.0,526.0,0.18152703579464669
2020,2,27.0,290816,290290.0,526.0,0.181198112232595
2020,3,26.8,291308,290816.0,492.0,0.16917913732394366
2020,4,27.2,291834,291308.0,526.0,0.18056490038035344
2020,5,27.8,292343,291834.0,509.0,0.1744142217836167
2020,6,27.6,292869,292343.0,526.0,0.17992563529826266
2020,7,27.5,293378,292869.0,509.0,0.17379784135569146
2020,8,29.2,293904,293378.0,526.0,0.17929088070680146
2020,9,31.2,294430,293904.0,526.0,0.17897000381076814
2020,10,29.6,294939,294430.0,509.0,0.1728764052576164
2020,11,28.2,295465,294939.0,526.0,0.178341962236259
2020,12,27.6,295974,295465.0,509.0,0.17227082733995566
2021,1,26.7,296500,295974.0,526.0,0.17771831309506916
2021,2,25.6,297026,296500.0,526.0,0.17740303541315347
2021,3,26.4,297501,297026.0,475.0,0.15991866031929866
2021,4,26.8,298026,297501.0,525.0,0.17646999505884015
2021,5,27.6,298535,298026.0,509.0,0.1707904679457497
2021,6,27.7,299061,298535.0,526.0,0.1761937461269198
2021,7,27.3,299570,299061.0,509.0,0.17019939075974466
2021,8,29.6,300096,299570.0,526.0,0.17558500517408288
2021,9,30.1,300622,300096.0,526.0,0.1752772446150565
2021,10,28.1,301131,300622.0,509.0,0.16931561895004357
2021,11,26.4,301657,301131.0,526.0,0.1746748093022638
2021,12,26.1,302166,301657.0,509.0,0.16873468873588213
2022,1,26.2,302692,302166.0,526.0,0.1740765009961412
2022,2,26.4,303581,302692.0,889.0,0.2936978843180527
2022,3,26.1,304384,303581.0,803.0,0.26450930723596006
2022,4,27.8,305273,304384.0,889.0,0.2920652859545837
2022,5,27.2,306133,305273.0,860.0,0.2817150550490872
2022,6,27.5,307022,306133.0,889.0,0.2903966576618659
2022,7,28.0,307882,307022.0,860.0,0.28011022011451947
2022,8,29.6,308771,307882.0,889.0,0.2887469874822172
2022,9,30.3,309660,308771.0,889.0,0.28791563974596057
2022,10,29.8,310520,309660.0,860.0,0.2777239553058193
2022,11,26.3,311409,310520.0,889.0,0.2862939585211903
2022,12,26.0,312270,311409.0,861.0,0.27648526535841933
2023,1,25.7,313158,312270.0,888.0,0.28436929580171005
2023,2,26.6,314047,313158.0,889.0,0.2838822575185689
2023,3,25.9,314850,314047.0,803.0,0.25569421137600423
2023,4,26.9,315739,314850.0,889.0,0.28235667778307133
2023,5,27.7,316600,315739.0,861.0,0.27269358552475303
2023,6,27.5,317488,316600.0,888.0,0.2804801010739103
2023,7,27.3,318349,317488.0,861.0,0.2711913521140957
2023,8,28.4,319238,318349.0,889.0,0.27925327235204134
2023,9,30.1,320127,319238.0,889.0,0.27847562007029236
2023,10,29.2,320987,320127.0,860.0,0.26864338215770617
2023,11,28.5,321876,320987.0,889.0,0.2769582568764467
2023,12,28.3,322736,321876.0,860.0,0.267183635934335
2024,1,26.6,323625,322736.0,889.0,0.2754573397451787
2024,2,27.1,324497,323625.0,872.0,0.269447663190421
2024,3,27.9,325369,324497.0,872.0,0.2687235937466294
2024,4,27.7,326242,325369.0,873.0,0.26831074871914656
2024,5,28.1,327114,326242.0,872.0,0.26728624763212583
2024,6,27.2,327986,327114.0,872.0,0.2665737327048063
2024,7,27.0,328858,327986.0,872.0,0.26586500643320143
2024,8,28.8,329730,328858.0,872.0,0.26516003867930843
2024,9,31.2,330603,329730.0,873.0,0.2647620780638705
2024,10,29.2,331475,330603.0,872.0,0.26376046194378155
2024,11,27.5,332347,331475.0,872.0,0.2630665962742288
2024,12,26.8,333219,332347.0,872.0,0.2623763716838124
2025,1,26.2,334092,333219.0,873.0,0.26198986252284534
2025,2,26.2,334964,334092.0,872.0,0.2610059504567604
2025,3,26.7,335836,334964.0,872.0,0.26032648284591775
2025,4,27.6,336708,335836.0,872.0,0.259650543717767
2025,5,27.6,337580,336708.0,872.0,0.2589781056583152
2025,6,27.2,338453,337580.0,873.0,0.25860536761656494
2025,7,26.7,339325,338453.0,872.0,0.2576428632631414
2025,8,28.9,340197,339325.0,872.0,0.2569807706476092
